number,네이버 장점,네이버 단점,카카오 장점,카카오 단점,라인 장점,라인 단점,쿠팡 장점,쿠팡 단점,배민 장점,배민 단점,페이스북 장점,페이스북 단점,아마존 장점,아마존 단점,애플 장점,애플 단점,넷플릭스 장점,넷플릭스 단점,구글 장점,구글 단점
1,"유명한 대기업이라는 점
세련된 사옥
나쁘지 않은 복지
다양한 점심 메뉴","매우 수직적이고 탑다운인 문화.
유저에 대한 고민 없이 손만 빠르면 됨.
시안 치는 기계. 어떠한 전략도 기획도 end picture도 없음.
다들 바빠서 질문에 달갑지 않아함. 히스토리 관리가 엉망이라 파악이 어려우니 묻는 건데도 알아서 파악하길 원함.
윗연차나 사수에게 메신저가 오면 즉각 답해야하지만 나의 질문은 언제 회신이 올지 모름.
매우 경직된 분위기. 서로 돕는 분위기 없음. 각자 자기가 맡은 일만 진행함.
점점 주체적인 생각을 못하고 바보가 되어가는 느낌을 받아서 오래 있으면 안된다는 생각이 듦.",유연근무제로 원하는 시간에 일하고 원하는 시간에 쉴 수 있다,회사의 수익구조의 불안정성 특히 광고에 비중이 커 광고 시장 상황에 수익이 크게 좌우된다,"출장대우
나쁘지 않은 연봉
워리밸 및 복지
대기업화 하려는 시스템","성장성
느린 조직
구 경영진
일하지 않는 월급루팡들","조직마다 다르겠지만 분석팀 내 분위기는 서로 의지하고 도움을 줄 수 있는 분위기에 전체적으로 수평적인 문화와 최근 재택으로 인해 워라밸 또한 알아서 챙길 수 있음. 그 워라밸 내에서, 그리고 업무적으로 본인이 욕심을 가진다면 언제든지 발전하여 나아갈 수 있는 환경을 만들어 낼 수 있음",다만 탑다운으로 업무가 떨어질 때가 있는데 이 때 왜 그러는지에 대한 내용은 잘 모르는 경우가 있어서 조금 더 소통이 필요한 부분은 있음,"월요일 1시출근 나머지 요일 30분 일찍 퇴근해서 주35시간
1분만 넘어도 칼같이 챙겨주는 야근비
복지비200만원 도서지원비 재택용품구매비 재택지원비 등등 실질적으로 도움이 많이 되는 복지들
좋은 사람들 다른회사 대비 상대적으로 꼰대가 없다
사이닝보너스(연봉의 20%) 입사자전원지급

전반적으로 좋은회사입니다 인사부서나 임원진이 이정도로 커뮤니케이션에 대한 액션을 취하는 회사가 정말 드물어요 제가 다녔던 회사들하고 비교하면 전회사들 부끄러울정도였음
단점없는 회사없겠지만 장점이 훨씬 많고 단점도 어필하면 충분히 개선해줄 회사입니다","업무적으로 얄짤없음 당연한거지만 그만큼 스트레스도..
업무량도 많은편
커뮤니케이션이나 협업을 어려워하고 사람 싫어하는 개인주의적 성격이라면 안맞을것같음","네임 밸류
탄탄한 글로벌 네트워크
유능한 동료
사내 문화","인재 적체
철저함 미국 중심 의사 결정
불투명한 미래 산업","네임 베류, 배울게 많은데 이유는 매번 바뀌는게 많아서 새로 배워야되는데 많아요.",타부서랑 협업은 꿈도 꾸지 않는게 좋아요. 회사는 돈을 아무리 많이 벌어도 직원한테는 인색한 회사.,워라밸 좋고 급여가 좋습니다. 타이틀이 좋아서 주변 사람에게 자랑하기 좋아요.,"무언가를 배워간다고 생각하시면 안됩니다.
포트폴리오 안쌓여요",내가 조절하면 가능한 워라벨. 하지만 모든 것은 나의 책임. 내가 잘해낼 수 있다면 문제없음. 업계 최고에서 일한다는 자부심.,본 받을 수 있는 사수의 부재. 일 잘하는 사람들이 모였어도 리더십이 약해 발전이 힘듬,"회사 이름이 갖는 네임 밸류
다른 직장 대비 인성, 능력 모두 평타 이상인 동료
아침 점심과 커피를 제공해줘서 나갈 필요가 없다","인원이 늘어나며 정치질하거나 능력이 부족하거나, 인품이 떨어지는 사람이 늘어나고 있음"
2,뛰어난 인재가 많음. 그래서 인사이트를 많이 얻을 수 있음.,난 뛰어나지 않음. 성장을 위해 정망 많은 노력이 필요함,"복지, 구내식당 사옥…?
복지 포인트가 좋아요
그리고 싸게 호텔 놀러간 것도 좋았어요","잦은 조직 개편이 있고
경영진이 요즘 사회에서 시끄럽습니다
약간 탑다운…","일단 재택의 장점이 큼
정말 나오라는 강요 분위기 없음
(물론 팀바팀)","일본회사화 되어 모든 결정이 답답하게 이루어짐
이젠 라인야후라고 불림",재택근무가 많아서 출퇴근 시간 걱정이 없다. 쿠팡이츠 쿠폰 줌,변화가 많다. 직원들 이동이 잦고 업무강도가 낮지 않다.,"주당 근로시간, 재택 보장 등 파격적인 조건으로 근무조건은 아주 우수하고, 비포괄임금제로 야근수당이 짭짤함",비포괄이라 다들 넋놓고 야근하는 문화에 호떡 뒤집는 경영진과 인사조직의 수준이 매우 별로임,"개발자를 위한 커리어에서 추가적인 인터뷰 없이 팀을 옮길 수 있고, 그런 문화를 장려하는 것은 추후에도 큰 도움이됨.
다른 FAANG과 비교하더라도 내부/오픈 소스를 공부하는 것만으로도 무긍무진함.","개발자가 아니면 무슨 짓을 하더라도 second class citizen임.
영어를 못하면 아무리 뛰어난 개발자라도 한계가 있음.
사람 사는 곳 다 비슷하겠지만, 위로 올라갈수록 정치질이 심함.",클라우드 기술 트렌드를 쫓아갈 수 있는 것. 경쟁적인 문화 속에서 성장하는 자신. 훌륭한 동료들. 자유로운 근무환경. 진취적인 문화,경쟁적인 문화가 숨이 막히고 힘에 부침. 돈이 곧 복지이나 업무강도 대비 많이 주는 것인지 모르겠음. 셀프서비스 문화는 팀 컨트리뷰션이라는 핑계로 회사가 taking advantege한다는 생각이 든다.,워라벨이 보장돠어 있고 자유로운 휴가 웰빙 및 자기계발을 생각해주는 회사 네임드 있는회사 동료들의 다양한 백그라운드로 배울점도 있는 회사,경력 쌓기 애매한 회사 생각한거에 비해 그냥 저냥 그런점 식대가 적다는 점,"높은 연봉
자유로운 분위기
열정적인 동료
근무 환경",정해진 업무시간 외에도 수시로 업무 대응이 필요할 수 있음,같이 일하는 동료와 회사가 지향하는 문화는 한국 회사 중 제일 좋은 것 같다,피어프레셔가 심함. 아무도 시키지 않았는데 모두가 너무 열심히 달려 나도 어쩔수 없이 달려야하는 상황.
3,"빅테크 네임밸류
신사옥
복지
하루세끼 제공","사옥 위치
다소 개인적이고 경직된 분위기
워라밸 박살","복지와 사람들의 인성이 좋습니다.
내부 사람들은 불평도 있지만 객관적으로 나쁘지 않다고
생각함","벤처도 대기업도 아닌 애매한 사업 스타일
책임지지 않고 떠넘기기식 의사결정이 많아

열심히 일하는 사람이 힘들 수 있음","많이 배우고 성장할 수 있는곳
보상 복지 모두 만족스러움","야후와 합병되며 전혀 새로운 조직으로 변화중
아직 과도기","배울 점이 많은 회사
유능한 동료가 많은 회사
성장하는 회사","빠른 변화에 따른 업무 과중
표준 프로세스가 RnR 없음","성장의 욕심이 있다면 다 할 수 있는 회사
개방적인 문화, 좋은 인력","높이 올라가면 힘들 것 같은게 단점
명확한 메뉴얼/시스템의 부재","워라벨이 보장되는 회사
좋은 동료들과 일할 수 있는 환경",빠르게 변하는 사내 문화 및 업계에 익숙해져야한다는 점,급여가 높은 편이고 엄청 똑똑한 사람들과 일해 배울점이 많습니다. 외국계 치곤 체계적인 편인데 회사 시스템에 대해서도 배울 점이 많습니다. 이직 기회가 많습니다.,팀마다 다르지만 경쟁이 심하고 업무 강도가 높습니다. 항상 잘릴 위험이 도사리고 있습니다. 오래 근무하긴 좀 어렵습니다.,"어느회사든 마찬가지지만 사람 잘만나면 그점에 좋고,
본인이 성장할 의지가 있으면 어떻게해서든 성장할 수 있음",모든게 다 성과로 결과로 보여지고 움직이는 회사이기때문에 본인 하기에 달림,"배울 점 많은 동료들
일을 잘 할 환경을 위한 사내 문화
우수한 복지","회사 덩치는 큰데 체계가 은근 약하다
빡셈
가면 증후군","서로 신뢰하고 존중하려는 문화
fun한 요소들이 많이 묻어있는 문화
워라밸을 유연하게 가져갈수 있는 자유가 있는 문화
물론 여기도 불만이 있지만 그래도 밖에 있는 회사들에 비하면 정말 천국같은 회사",현재는 불황때문인지 내부 잡포스팅이 많이 열리지 않는 점이 가장 힘든점입니다
4,연봉높고 워라밸 괜찮고 복지 괜찮고 사옥 새거고 풀재택 가능이고 출근하면 밥 세끼 다주고 뭐 빠지는게 있나?,솔직히 없음 평가가 좀 빡세다는거? 큰 욕심없으면 이마저도 단점이라보기 어려움,올해들어 업무강도가 점점 세지는 느낌.이지만 그래도 워라벨은 챙길 수 있음,"복지가 하향하고 있음 연봉인상도
경영진들에 대한 불신이 점점 커짐","풀재택
해외 재택
좋은 개발 문화
적당히 좋은 급여
자잘한 복지","최근 합병으로 인한 불편함
국내 인지도
일본어로만 된 사내 공지들",자유로운 재택근무와 수평적 조직문화가 잘 정착된 점이 좋음,신규 입사 시 인수인계 등 온보딩 절차가 다소 부족하며 적응까지 시간 오래걸림,"부서 별 차이는 있겠지만 워크와 라이프의 밸런스가 깨지는 느낌은 없습니다.

대체로 좋은 사람들이 모여있는 느낌을 받습니다.",특별히 생각나는 단점은 없어요. 굳이 뽑자면 위치가 잠실이라 거주지가 서울 외 인원에겐 접근성이 떨어질 수 있습니다.,"사내 복지는 경영난으로 조금 줄어들었지만 그래도 아직 탑클래스

career growth는 양날의 검. 결국 본인이 길을 개척 할 수 있냐 없냐의 싸움.","보너스가 너무 주가 및 회사 실적과 밀접해서 기대만큼 안나올때가 있음

메타버스는 아직도 의문",확실히 넥스트가 아직까지는 보장되어 있어 보인다 동료들도 훌륭하고,요새 한국화가 되어가서 정치질이 조금씩 늘어가는 추세임,"자유로운 분위기. 연차사용시 눈치 볼 필요가
없어서 좋음","스케쥴근무상 삶의리듬 깨짐, 생각보다 적은 연봉","이 회사는 자유로운 분위기와 정보 공유에 대한 엄청난 열정을 가진 특별한 회사입니다. 회사 문화도 독특하며, OTT 업계에서 비할 바 없는 전망을 가지고 있다고 느껴집니다. 또한, 이 회사에는 열정적이고 똑똑한 사람들이 많이 있습니다.","비즈니스적으로 말하자면, 이 회사는 때로는 목소리가 큰 사람이 대화를 주도하며, 익숙하지 않은 경우 피드백 압박을 느낄 수 있습니다. 매일 목표를 추구하며 열심히 일하시는 분들에게는 이 회사가 맞지 않을 수도 있지만, 혼자서 작업하는 데 능숙하고 업무에 능숙하다면 꿈같은 회사가 될 수도 있습니다.","좋은 동료들이 많음
할 의지만 있다면 할 수 있는게 많음","가끔 비용 아끼는거 보면 현타옴
좋은 말만 주고받는 문화"
5,"거의 모든 영역에서 선도적 플레이어, 글로벌 진출까지 성공한 탄탄한 회사","확장과정에서 일관되지 않은 조직문화와 내로남불
일관된 정책같은건 기대하기 어려움

경력이 길어질수록 연봉상승률과 경력개발기회에 한계 느낌",사람들이 너무 좋다. 잘하고 인성 좋은 동료들이 많다.,"경영진의 전문성이 부족, 방향성이 자주 바뀐다. 정부에게 너무 뚜드려 맞는다. 공기업인줄","회사에서 큰 불만을 갖기 어려운 구조.
외부에서 듣던대로 좋은 회사임",재택이 기본 베이스기떼문에 사내 구성원과 친해지는 난이도가 높음,풀재택하는 게 가장 큰 메리트가 있음 상사는 있지만 님으로 부르기 때문에 큰 부담 없음,대기업 치곤 월급이 정말 너무 적음 아무리 계약직이라도 최저시급이 말이 되나,"32시간 근무제,분단위 추가근무수당
부바부지만 일이 적은 편은 아니긴하나 일많은 시간을 지나고 나면 32시간 근무의 꿀맛을 느낄 수 있음
평일에 4시 퇴근이나 하루근무시간을 다 채워도 5시퇴근할 수 있다는게 넘 좋음
월요일 1시 출근도 좋아요",의사결정이 자주 바뀐다. 이로 인한 업무 부하가 있다. 독일 본사의 간섭,사람들이 대체적으로 친절하고 흔히 말하는 빌런 없는 회사,회사 사정이 전반적으로 불안하다. 특히 한국 지사에 대해선 더욱 그런 것 같은 느낌,"급여가 높고 네임벨류가 높아 향후 이직 좋다

사람들이 대단하다고 본다","실제로는 성장 둔화된 기업
낮은 인상률
생각없는 매니징","업무에 비해 괜찮은 급여지만
더 벌어야 할것같은 급여
사람좋아요.
복지 아주 만족.","인터뷰만 잘하면 승진
깊은 사내정치가 필요한데 난 그런걸 잘 못함
싸가지없는애들 간혹있음","사무실이 좋음.
음식도 좋고 일단 출근하면 필요한게 다 있어서 나갈 필요가 없음.
부모님이 좋아하심.
일만 다 하면 출근을 어디서 언제 하든 상관 없고 별 일정 없다면 당일 휴가도 가능한 회사.
데이터가 방대함.","초기 멤버들이 갑자기 다 위로 올라가버려서 굉장히 어중띠고 어설프게 헤드 역할을 하고 있음.
저 사람은 어떻게 인터뷰를 통과했지 싶은 사람들이 간혹 있고, 그 사람때문에 주변이 고통받지만 그런 사람들이 잘 짤리지도 않음. 그래서 결국 고통받는 주변인들이 나가버림.
룰 없는게 좋은게 아님. 컬쳐라는 애매한 것으로 사람들을 압박하고 계속해서 선택은 너가하는거라지만 강요를 함.
출장비나 경상비 사용에도 차라리 가이드라인이라도 만들어 주지 그것도 없으면서 눈치보라고 돌려 얘기함. 다같이 줄여보자가 아니라 헤드들이 우리는 쓰는데 니들은 줄여 식 내로남불이 있음.","회사 타이틀을 포함해, 인재풀이나 복지나 처우나 전반적으로 훌륭하다고 생각합니다.",비개발 직군의 경우 이 다음 어떤 커리어로 나아가야할지 애매한 부분이 있습니다.
6,"따지고보면 여러 분야에서 1등은 아닌데 2-3등은 하는 올라운더 느낌
연봉, 복지, 워라밸, 네임밸류 등 대부분이 업계 상위권
그 중 풀재택근무는 라인과 함께 업계 독보적 1위",경쟁이 좀 빡센편? 뛰어난 동료들이 많아서 항상 좋은 고과 받기는 쉽지않음 부담감도 있는편,"복지가 좋아요
유연근무제가 있어 좋습니다
퇴근이 자유로워 좋아요","경영진의 운영이…가끔씩 소란스럽네요
급진적인 커리어 향상을 원하시면 다른 곳으로","전반적으로 사내문화가 좋고
재택으로 개인 터치가 별로 없음",임원진들의 사업의 방향성에 대한 비전이 잘 안느껴지는 부분이 아쉬움,"진리의 부바부겠지만 풀재택 굿
가끔 회사 나가는것도 나쁘지 않음
성과 빚어내서 잘 나오면 행복함","근데 매 분기 매 년 말도안되는 목표를 부여하는 건 좀...
이래서 성장하나 싶기도 함
업무 자유도가 높은데신 그만큼 개인의 책임도 강함
조금만 힘빠지면 금방 도태되는 분위기에 강한 프레셔는 본인의 몫","연봉과 복지가 우수함
주 32시간, 비포괄임금제는 한국에서 찾기힘든 조합
자유롭고 일하기좋은문화","5년정도 다님
코로나시국때 매우 좋은 성장을 타고 꽃길만 걸을줄 알았느나 정부에서 때리고 여론에서 때리는 바람에 임직원의 고생에 비해 득은 많이 못봤다고 생각함. dh에 매각되면서 기존 임원들이 약간 교체되고 dh의 사업들이 잘 안되면서 한국지사까지 예산압박 등을 받는 모양새..
현황만 유지해도 매우 좋은회사이지만, 완전 좋았던 시기를 경험한 나로서는 약간 아쉬움",사내문화가 좋고 워라벨이 보장됨. 개방적인 문화. 복지가 좋음,커리어 향상이 좀 어려움. 리더십이 너무 동 떨어지고 책임을 안 짐.,숨만쉬어도 배울게 많다. 십수년을 일했는데 여기서의 2년이 더 많이배우고 즐거웠다,결국은 벤더임. 경기가 어려워지니 한국식 회사로 가려는 모습이 보인다,"스케쥴 잘 짜면 워라밸 지키기 좋다
직원의 건강을 우선시해주는 병가 제도
어디서든 알아주는 회사 이름
수평적 구조 , 긍정적 피드백 문화
맡는 업무, 경험 대비 좋은 급여
현금성 복지
타 회사 대비 자유로운 업무 환경과 분위기","직원이 많아지니 도는 뒷말도 많음
어쩔 수 없이 한국적 분위기가 보임
계속 새로운 혁신을 찾아야하는 부담감","연봉
엄청난 복지 (출퇴근 택시비 지원, 난자냉동 지원 등)
재택 가능, 출퇴근시간 없는 등 플렉서블한 근무 환경
조식 중식 제공, 편의점을 옮겨놓은 스낵바","무능력한 리더십
초창기 멤버들이 컬쳐를 무기로 꼰대짓 심함
피드백을 중요시 하면서 좋은 피드백만 받고 싶어함
피플 매니징보단 사내 정치질에 관심 많은 몇 리더들이 물을 다 흐리고 있고 이를 알면서 묵인하는 리더십 팀
그냥 조금 선진화된 한국 회사라고 생각하고 들어오세요","연봉, 친절하고 똑똑한 사람들, 해외 오피스로 트랜스퍼 기회","불안한 고용, 줄어가는 복지, 기술 트렌드와 멀어지는 느낌"
7,신의 직장까지는 아니지만 업계에서 이만한 회사가 없는건 사실임. 전면 재택근무를 계속 유지하는 것만으로도 다닐만한 가치가 있음,연봉협상 시즌마다 잡음이 있는데 개선할 의지가 없어보임 꼬우면 나가라는걸로 보일 정도,"워라밸좋고 다양한 업무 경험 가능
동료들이 뛰어난 사람이 많음","뛰어난 동료들이 점점떠남
경영진리스크 매우큼 소통하지않음
고인물조직장 다수 포진해있어서 신기함",주변에 개발을 잘하는 사람도 많고 회사 지원도 많규 개발자에게 좋음 회사임.,"개발, ux, ui 제외하고 나머지 직군은 별로인것 같음.","비교적 자유로운 연차사용, 연장이나 야근은 거의 없고 재택이 가능",실적압박이 심하고 체계적인듯 아닌듯한 업무 메뉴얼 로 인한 스트레스.,"여전히 새롭게 시도해야하는 일들이 많고, 이 일들을 통해 개인적 차원으로도 회사 차원으로도 큰 성과를 얻어내고 성장할 수 있는 기회들이 있다.","경영진들의 (때때로 지나치게) 빠른 의사결정이 종종 비효율을 만들어내는 경우들이 있다. 문제의 원인을 엉뚱한 곳에서 찾고, 잘못된 원인 분석을 통해 과제가 만들어지는 경우들이 있다.","팀바팀 사바사 이지만
대체로 다른 잡일 없이 할일에만 집중할 수 있게 해줌",적어도 내가 일하는 영역 안에서는 크게 문제가 되는 부분은 없었던것 같음,"뛰어난 동료들, 실패에 두려워하지 않는 실험정신, 거객을
지향하고 길게보는 시야","깔대기 대고 줄타기하며 숫자 주워먹는 리더들, 한국 대기업 물들어가는 분위기와 문화, 점점 사일로화 돠어가는
정보공유","워라밸 보장
팀원간 분위기가 좋음
욕심 안부리면 안정적으로 꾸준히 일 할수있음","체력 필요
모든 서비스직이 다 그렇겠지만 감정소모가 큼","오피스 (건물, 전망, 위치, 화장실)
무료 편의점이 들어와있는 느낌
법인카드 사용, 출퇴근 시간, 업무 방식 정말 자유에 맡김 (하지만 그만큼 책임이 따른다)
외국에서 인정받는 한국팀
큰 프로젝트 할 기회가 많고 배울기회도 많고
정해진 연차 없음","인맥이 중요
적응하는데 오래걸림
 정해진 연차, 출퇴근 시간 없음","수평적인 문화와 똑똑한 동료들, 맛있는 아침과 점심의 제공",주도적으로 일을 잘 찾을 수 있어야한다는 것? 어딜가도 이상한 사람은 있다는 것
8,"재택이 가능하다는 점, 자유롭게 출퇴근 하다는 점, 사내 복지가 괜찮고 복지비가 있어 마음만 먹으면 월급 전액 저축 가능",경제가 나빠졌다 하여 경영진들이 긴축을 심하게 하려는 경향이 있음,복지가 좋고 어시스턴트여서 그런지 일이 많지 않아 좋았음,"커리어 쌓고싶거나 일 배우고싶운 사람에게는 비추
시간낭비한 느낌","훌륭한 동료들, 매우 좋은 복지, 급여/처우 가 있어서 남들에게 추천하는 편.",합병 후에 점점 일본회사가 되어가는 중. IT 스러움이 점점 사라지는 느낌,"생각했던것보단
만족하고 다니고잇습니다.
재택의 매리트가 큰것같습니다.","계약직이라..단점은 아직
단점이 보이거든 후기를 또 남기겠습니다.",함께 일하는 분들이 거의 더 스마트하고 젠틀하고 좋습니다,개인의 성장은 없고 반복업무의 일상입니다 미래가 불투명합니다,자기 일 잘하면 터치 없음. Compensation이 만족 스럽고 하는 일이 재밌음. 같이 일하는 사람들이 정말 똑똑함.,쉬운 레이오프때문에 멘탈 갈림. 아무도 일을 안시키는데 기대치를 맞추려고 밤낮 일하게 됨.,"일한만큼 돈으로 보상받음.
주변에 능력자들이 많음( 가준점이 높아 나도 덩달아 성장하게됨)
근무환경이 자유로움(출/퇴근 터치안함,대신 일만 잘하면 됨)","셀프서비스(각자 알아서 해야함, 선배/후배 끌어쥬고 밀어주고 없음, 하지만 도움을 요청하면 도와줌)","리테일이기 때문에 일에 대한 큰 어려움이 없음
반복적인 업무
휴가를 자율적으로 사용 할 수 있음(눈치보지 않고 장기휴가 가능)","사람이 제일 힘듦
고객응대를 온종일 하는것도 힘들지만 팀원,리더십 관계를 항상 잘 유지해야하는게 힘든 것 같음","우수한 처우와 보상
잘 구비되어 있는 스낵바
일 잘하고 똑똑한 동료
핫한 기업","미성숙한 리더십 (본받을 리더가 한국에는 거의 없음)
내부에서 성장할 기회 제한적","자유로운 근무시간 관리, 아쉽지만 그래도 타기업에 비해 만족할만한 보상",다음레벨로 가기위해 다른나라의 리더들에게 보여지기 위한 뭔가가 필요하다는 정치적인 플레이 존재
9,재택근무가 가능하고 회사 구내식당 등 복지가 다양한 편임,"부서마다 다른 분위기, 연봉협상 및 인센티브 지급 시기가 늘 늦음","점심 식당 밥이 싸다
커피가 싸다
유연하게 출퇴근 가능하다","저녁 밥은 비싸다
뭔가 제한이 많아지고 있다
풀출근이다","칼퇴하고 서로 연차에 대한 눈치를 주지않아서 편함.
일이 빡세지않음.",사람들은 좋으나 다들 의욕이 엄청나진 않아서 몸만 편하고 커리어가 쌓이진 않음,"재택은 분명한 장점 계절, 지옥철, 여성일 경우 준비시간 고려하면 시간 세이브 되는 거도 무시 못 함",은근히 주먹구구식 리더쉽정신을 핑계로 직원을 나몰라라한다는 인상을 받음 재택이 아니면 하지 않을 성과제와 연봉,"사내문화가 건강하고 긍정적, 급여 및 복지 최상","지나친 마이크로매니징, 전문성 부족, 배민다움으로 버티는 사람 다수","업계에서 보상 수준은 탑, 자율적인 업무 환경, 나이스한 동료","커리어 성장은 업무 영역과 구조적인 문제로 제한적, 리더십 능력 편차 매우 심함",CSP 1위 회사이다보니 인지도가 좋고 일할 때 자연스레 동기부여가 됨,간혹 이렇게 일하는 게 맞는 건가? 하는 의문이 들고 자기반성을 하게됨. 스스로 답과 의미를 찾아가야 함,"애플
복지 (기기 직원할인 교육비 운동비 지원 등)
다양한 업무
겉으로는 친절하고 내부정치 잘하는 직원","무능하고 강압적인 리더십 (장기근속하신 분들중 승진하신 분은 능력자인 듯)
내부 정치 소문 많은 회사
왕따/가스라이팅 by 승진못한 고인물들
승진 기회 없음- 여러분 상사는 외부에서 데리고 올 것
워라밸 없음
수평적 조직문화는 홍보용
아이디어 도둑 빈번함","고급 점심 제공
꽤나 괜찮은 연봉 패키지
훌륭한 업무 환경","고인물들이 먼저 왔다는 이유로 컬처꼰대짓하고 있고
리더쉽 엉망 진창인데 한국 콘텐츠가 핫하단 이유로
글로벌 리더들이 모르고 그냥 넘어가는 상황","한국에 국한되지 않고 일을 할 수 있음
미국 회사와 문화 경험할 수 있음
한국 사무실 동료들도 친절하고 평균 이상 역량 보유
서로 공유와 가르침에 인색하지 않음","미국 중심이라 어느 정도 제약이 있음
생각보다 top down 문화가 강함
1월 layoff 이후로는 문화가 많이 경직되고 냉소적이 된 부분 있음"
10,"풀 재택 근무 가능 (2023년 기준)
전 직군에 걸쳐 실력있는 동료들이 많음
기본 이상의 퀄리티 있는 결과물
업계 내에서 괜찮은 수준의 급여와 복지","TO 자체가 너무 적어서 들어가기가 어려움
생각보다 더 삭막하고 경직된 사내 분위기
팀바팀이겠지만 대체로 좋은 팀웍을 기대하긴 어려운듯",워라벨이 좋은 회사 수평적인 회사 의견제시가 비교적 자유롭다,"책임도 수평적으로 진다. 리더는 책임을지지 않고 도망가기 일쑤

네임에 비해 페이가 높지는 않다. 끼리끼리 문화가 강함","능력이 좋은 동료들
재택근무
오픈 디스커션
리즈너블한 CEO","극악의 온보딩
회의가 많음
파편화된 플랫폼
이상한 합병과정","똑똑한 동료들과 일하고 있다는 걸 느낌
자신의 분야에서 뚜렷한 성장을 이룰 수 있음","생각보다 후려쳐진 연봉(들어오기 전 잘 알아보세요)
일을 너무 많이해서 개인적 발전은 힘듦","비포괄
주 32시간
재택근무 (내년부터 재택/오프라인 혼합)
열심히 일하고 배려심 많은 동료들","DH 리스크
전략이 없는 경영진
워라밸 나쁨 (주 32시간이지만 실제 근무시간 훨씬 김)","이름만큼이나 좋은 회사문화
자유로운 출퇴근과 워라밸
아침점심제공",팀바팀이겠지만 팀 크기가 각각 달라 업무방식 조금 다름,"급여, 분위기, 직원들 간의 업무 문화
1위 기업에서 일한다는 자부심","일부 경영진의 한국식 사고방식, 소통
주말도, 저녁도 없는 삶","네임밸류와 회사제품할인
애플다닌다고 했을때 사람들의 호의적인 반응","모든것이 과하게 복잡합니다
일을 튀기고 튀기고 튀겨서 일부러 복집하게 만든 것 같습니다. 하지만 명확한 가이드라인도 없습니다. 추천하지 않습니다","자유로운 업무환경, 사람을 압박하지 않아서 좋음. 타의에 의해서가 아닌 자의에 의해서 자극을 받고, 열심히 일 할 수 있는 회사라는 점은 높게 살만 함. 주변에 똑똑한 사람들이 많아 도움 받을 수 있음.","리더들이 우유부단하고, 경험이 부족해 보임. 팀 및 피플 매니징해본 리더가 많이 없어서 팀의 방향성이 부족함. 컬처가 중요하다고 하는데, 리더 본인이 필요할때만 컬처를 운운하며 무기로 사용함. 정작 회사 내에 일어나고 있는 여러가지 일들을 보면 ‘넷플릭스 컬처’ 라는 것은 없어보임. 피드백 문화도 강조하는 것 중에 하나인데, 실상 피드백을 주고 나면 추후 팔로우업이 부족함.","워라밸
기업문화
퍼포먼스 잘 나온다면 compensation 도 굳","퍼포먼스에 대한 압박
보여주기식 일하는 방식
성장 가능성"
11,일하는데 집중할 수 있는 환경. 개발 인프라가 잘 돼있어서 쓸줄만 안다면 도움이 많이 됨,받아들이기 나름이지만 뒤쳐지진 않을까 하는 불안감이 있어서 가끔 속도 조절이 필요함,"워라밸, 복지, 커리어 성장하기 좋은 회사
아이 낳고 다니기 좋은 회사","경영진이 챙기는게 많아서 급여는 최저수준
회사 방향성이 명확하지 않음
개인의 성장에는 좋은 회사지만 회사 성장은 답안나옴",워라밸이 좋고 훌륭한 동료들이 있어 나머지 단점 상쇄됨,"커리어에 도움되는 지 모르겠음
자주 엎어지고 일정이 고무줄","여러 기술 습득
팀별로 다르겠지만 워라밸 좋음
개발자의 파워가 셈","수많은 절차로 인한 생산성 저하
성과를 낼수없는 구조에서 평가를 진행하다보니 불공정",비포괄 32시간 근무가 깡패임. 야근 수당 꼬박꼬박 잘 챙겨줌,일이빡셈 야근 종용하는 문화. 야근안하면 눈치보일정도임,하이어링 과정이 빡빡한 만큼 평균적으로 좋은 동료들이 많음,시스템이 부족해 처음 적응 과정이 헬 중의 헬. 연차보단 회사 근무 기간이 갑인 회사,"aws라는 네임밸류
훌륭한 동료
센터필드라는 좋은 근무 환경
재택 근무","근무 경력이 길어날수록 요구하는 것이 많아짐
오래 다니려면 승진을 위한 전략이 필요
4년짜리 계약직 같은 느낌
복지가 거의 없음","글로벌한 조직 내 다양한 사람들과 일할수 있다
오래 다니기 좋은 회사","휴가가서도 일은 해야함
노력하면 워라밸을 챙길 순 있음","각자 하는 일에 대해 자부심이 넘치는 사람들과 이를 뒷받침하는 실력

아침 점심 간식 모두 제공","나를 제외하고 모두가 잘 하는 느낌이 들 때가 있다

영어를 많이 잘 해야 한다","네임밸류
- 높은 자유도
- 수평적 분위기
- 맛있는 밥","성과 스트레스
많은 업무량
비체계
과거 대비"
12,"재택
실력있는 동료
복지(리조트 등등)
네이버라는 브랜드","사람 쥐어짬
워라벨 없음
병 얻는 직원들 많음
(회사에 병원있는 이유 좀..)",정시 출퇴근. 판교역에서 안 나가고 바로 출퇴근 가능. 같이 일하는 사람 너무너무 좋음.,입사 초반이라 아직은 잘 모르겠음. 더 다녀봐야 알 듯 함.,재택이 일단 최고의 복지이고 외의 복지도 좋은편임. 업계에서 괜찮은 편이라 생각함,합병된 이후에 어수선해지긴해서 좀 더 두고봐야 할 듯 ,"복지가 곧 연봉인게 가장 큰 장점이자 유일한 장점
비교적 젊은층","그러나 개인의 삶은 없음
팀바팀 부바부이긴 하나 일단 워라벨은…","비포괄 없었으면 진즉에 나갔을듯
돈얻고 건강 잃고 싶은 사람들에게 추천합니다","극악의 업무강도 살려줘요
팀바팀도 너무 심해요 정시퇴근 해보고싶다",뛰어난 한국 및 외국 인재들과 일하면서 엄청난 자극을 받고 성장할 수 있는 기회,초대형 스타트업처럼 중구난방으로 일해서 삽질할 때도 종종 있음,"회사 문화, 각종 교육 프로그램, 적절히 조절가능한 워라밸","구내식당이 없음, 관리시스템의 부재, 개개인의 능력에 의존","애플이라는 점
할인, 주식
누구에겐? 스케쥴근무
유니폼","10만원 식대
상여금 없음
앞뒤다른 동료들
올라갈 수 없는 구조",일단 급여가 좀 생각보다 높은 편입니다. 워라벨 매우 중요한데.. 아주 잘 지켜지고 있어요,한국형 꼰대들이 너무 많습니다… 그것만 아니면 근무하기 최고의 회사같아요,그래도 구글은 구글임 본사와 좀 많이 다르지만 비슷하게 따라함,"이상한 로컬룰과 답답한 오피스, 안 오는 엘리베이터와 미어터지는 까페"
13,"나이스한 사람들, 성장과 내일을 위해 치열하게 고민하는 동료들이 많이 모여있음","개인의 시간을 많이 투자해야하고, 스타플레이어 의견에 의존적임","진리의 부바부이지만 대부분 워라밸 챙겨가는 분위기
대체적으로 사람들이 착한듯","임원진리스크가 심함
규모는 커졌고 사람은 많아졌는데 아직 스타트업 마인드를 못벗어남",재직중인 입장에서 뭔가 엄청난 복지나 혜택은 없는거 같은데 막상 다른 대기업이나 IT기업 판교쪽 큰 게임사 친구들 만나서 이야기 해보면 꽤나 직원 배려해주는 회사라는게 느껴진다.,"일본이랑 같이 일하는 부서라면 답답함의 극치를 느낄 수 있고, 점점 일본 종속형 회사로 변해가는 듯.","재택이 가장 큰 장점입니다
연봉도 높게 주고, 이직할 때 마켓에서도 잘 팔립니다.","체계가 없습니다...
경영진이 직원들에게 딱히 관심도 없고, 몸만 큰 스타트업입니다.","주 32시간 근무
초과근무 수당으로 보상받는 급여
의료비 등 복지
재택근무",심각하게 무능한 모회사 때문에 회사의 미래가 안보임..,워라벨좋고 복지좋음. 업계대비 페이도 나쁘지않은것같음.,"위로올라가기 힘든 구조, 몸집만큰 스타트업 구조적인문제가 많음","이름이 유명한 회사
돈은 많이 주는 편 같지만...맞나..?","복지가 사실상 없음
돈지 복지(?) 잘 모르겠음

고용 불안.
평생 직장은 없다지만...고용 불안
스쳐가는 곳","동종 업계 최고 대우
동료 직원
현금성 복지
연차 및 병가","동종 업계만 비교를 하는 대우
익스터널 상사
연봉 인상폭","모두가 일을 잘하고 친절한 것 같음
회사 뷰가 좋음
밥 나오고 간식 많음","내가 못하면 안됨
미팅 너무많음 내 일은 언제","서로 존중하며 일하는 문화, 커리어적으로도 사업적으로도 성장을 추구하는 분위기, 최소한의 매너는 지키는 사람들, 글로벌하게 일할 수 있는 여러 기회",규모가 커진 만큼 의사결정 과정이 길어지고 얼라인할 사람들이 많아짐. 빠른 결정보다는 신중한 결정이 훨씬 많아져서 대기업같다는 느낌이 들때가 많음.
14,동기들이 뛰어난 사람이 많음 네임밸류에 걸맞은 각종 복지 나쁘지 않음,리더급 인사들이 생각보다 노답이다 뛰어난 리더십을 바란건 아니었으나 기본만 했으면.. 생각보다 퇴사하는 사람도 많음,"유연근무제
그래도 아직까진 자유로운 문화와 네임드
보험, 호텔 등 은근 쏠쏠한 복지","연봉
노답 경영진
안보이는 미래
카카오톡에 의존도가 너무 큼","하이브리드 워크로 어디서든 근무 가능
이직 시 재택여부를 먼저 살펴보게 됨","팀바팀이 심하겠지만, 기대한것과 달리 협업과 소통이 상당부분 적었음. 니 일은 니가 해야지 마인드..?",출퇴근 시간 없고 편하게 일 할 수 있는게 최고의 장점,단순 업무지만 일이 많고 출퇴근 시간이 없는 대신 애매한 시간대에 근무함,"32시간 근무
연장근무 수당
점점 줄어들 예정이지만 아직 남은 재택근무"," 마이크로 매니징 문화
고인물을 넘어선 썩은물이 많음
생각보다 낮은 기술 수준
모회사 리스크","미국애들 일히는게 느려서 나도 느려짐, 급할 필요가 없음","개발자가 오류로 버그 만들어놓고 수정/롤백하면 지가 칭찬/주목 받음. 버그 영향 받는 사업이나,사용자만 피말림",커리어 개발과 업무이동에 관련직무내에서 자유로운 편. 매니저와 사람들은 좋음 나름대로 친근한 문화를 만드려 노력함,"업무 방식과 KPI가 그저 직원을 감시하기 위함인듯함.
코리아가 문제라기보단 하루에 한번씩 리포팅이 오고 업무 플랫폼 자체가 쉴 틈을 주지 않음. 뭐든 사람이 적응하고 익숙해지면 괜찮지만, 객관적으로 쉽지 않은 업무 환경임","현금성 복지 시스템이 좋고 특수한 상황이 아닌 이상 정시 퇴근 가능
애플이라는 대기업의 리테일 운영 방식 경험 가능","시프트 근무 제도, 주말 근무
휴가를 쓰기 쉬운 듯 어려운 듯
개인 커리어 성장에 도움이 되는 점은 안보임","밥이 잘나옴
출퇴근 자유
도심지에서 주차자유
지인방문 가능","한국화된 외국계 기업이다 보니
밑에 직급 사람들이 업무를 많이함","외국계 기업다운 수평적 분위기.
연차사용 자유롭고 워라벨 보장됨.
좋은 동료들!","멀리서 보면 워라벨 보장이 되는 것 처럼 보이지만
퍼포먼스 압박이 심해서 퍼포 낮으면 두배 세배 더 근무해야함. 푸쉬 심함"
15,"열정을 가진 직원들과 함께 일할 수 있다는 것이 장점, 아직 재택 근무가 유지되고 있음","일이 너무 많아서 워라밸이 좋지 않음, 입사 후 매년 급야와 복지가 안좋아지는 중","사옥이 깔끔하고 좋다
간식이 무한제공된다
업무 분위기가 수평적이다",조직이 불안정한 느낌이 든다 (. 오너리스크 등등..),"실력있는 사람 많음
좋은 사람도 많음
복지 나쁘지 않음","보상구조 차등을 크게 두지 않아서 다들 일 안하려고 함
만약 열심히 하는 사람이 있다면 아무렇지 않게 일을 몰아줌
좋은사람 콤플렉스 분위기가 만연하기 때문에
일 열심히 안해도 쓴소리도 못함.
회사 생활을 어떻게 할건지는 각자의 선택.","뭐를 하던 초스피드를 경험.
돈은 많이 줌.
글로벌 기업이라 영어 쓸일이 많음","사람을 달달볶는 문화
모든 시행착오를 전사가 모두 겪는..","수준높은 동료
플랫폼에 대한 많은 고민과 히스토리 적재
푸드 딜리버리 높은 업력과 기술, 노하우, 경험
복지, 처우, 문화"," 일이 많다.
커머스는 더 할게 많다.
DH",어직까지는 훌륭한 네임밸류. 좋은 복지 훌륭한 연봉. 우수한 동료.,최근 워라밸이 낮아짐. 매출 하락으로 인한 평판 저하가 우려.,훌륭한 동료 분들이 많아서 배울 수 있는 부분이 많습니다. 스스로 부지런하게 움직이면 좋은 커리어를 쌓을 수 있습니다.,듣던대로 워라밸은 포기해야합니다. 열정과 건강을 다 갈아넣는 느낌입니다. 그리고 매니저...하... 밖에서 보는 AWS와 안에서 겪는 AWS가 많이 다릅니다.,"좋은 급여, 커리어 프로그레스 기회 있음, 리더쉅 레벨에서 지원해 줄 수 있는 건 최대한 지원 해주려함, 맥카페 무료는 아니지민 비교적 저렴하고 맛있음, 월&금 재택 개꿀",뛰어난 사람들이 많고 업무기준이 높아서 힘든거 말곤 모르겠음 다만 이 또한 나의 성장동력일테니.," 밥이 나옴
출퇴근이 자유로움
돈을 많이 줌
휴가 무제한"," 근데 밥이 별로
컬쳐는 이제 그냥 한국회사
꼰대 많음","워라벨 외치기 가능, 그만큼 본인 성과에 따른 책임도 져야하긴 함
구내식당","한국마켓 특성을 고려하지 않는 타겟
가면 갈수록 빡세짐
생각보다 정치적인 몬 있음"
16,"업계 최고수준의 복지와 급여
풀재택 가능한 근무제가 최고 강점
국내 IT 커리어의 끝판왕","경쟁적인 편이고 사무적인 분위기
끈끈한 팀워크를 원하는 사람은 안맞을 수 있음",좋은 동료들과 함께 일할 수 있음. 유연근무제. 판교역과 회사 건물이 이어져 있어서 출근할 때 편함.,방향도 못 잡고 회사엔 관심없이 자기들 한탕할 거리만 찾는 경영진.,"수평적인 소통과 자유로운 문화
워라벨 보장
풀재택이라는 엄청난 강점
나름 괜찮은 복지","일본 법인이 주도권을 가지고 있는 느낌
일본 특유의 보수적인 문화",성장할 수 밖에 없는 환경이 주어져서 스스로 강해지게 되는 거?,워라밸은 생각할 수 없을만큼 일이 많고 복지가 거의 없다시피 한 것,여러 회사를 많이 경험하고 오신 분들도 사내 문화가 정말 좋은 편이라고는 많이들 말씀하세요.,다만 사회초년생이 첫 회사로 다니기에는 여러 어려움이 많은 듯합니다..주도적으로 프로젝트를 수행해 나가는 태도가 필요한데 아직 업무 사이클을 체계적으로 배울 기회가 없던 주니어에게는 많이 벅차게 느껴졌어요.,복지 연봉 굳이 챙길려면 챙길 수 있는 워라밸 똑똑한 직원들,KPI채우는건 기본이며 그 이상을 해서 뭔가를 계속 보여줘야함,클라우드 서비스에 대해서 새롭게 배울게 정말 많아서 계속 공부가 필요함,워크 라이프 밸런스라는 말처럼 일과 내 삶이 분리가 안됨,"체계가 잘 잡혀있음
빌런들이 1,2명 생겨도 회사 분위기와 체계가 잘 잡혀있으니 그사람이 물을 흐리는일이 오래가지 않음
복지가 많음","매주 스케쥴 근무로 인한 개인생활은 균형적이기 어려움
계속 결과 추진을 위해 무언가를 해야하는게 지칠때가 있음","업계 최고의 플레이어들이 모여있다
일 자체가 재미있다. 콘텐츠니까.","늘 일과 함께 하는 삶을 살게 됨
속도도 빠르고 양도 엄청남","워라밸 챙기기에는 좋은 직장
사람 많지만 구내식장 이용 가능","보이지 않는 차별
생각보다 정치적이어야 함
지켜지지 않는 구글리니스"
17,"안정적인 회사 운영과 성장 가능성
자율적인 업무 환경과","졍치로 인한 인사제도가 심함
음흉한 동료 문화
능력있는 사람도 평준화가 되는 문화","어시스턴트였는데도, 일반 직원들과 동일한 복지를 주었습니다.
일도 많아서 덕분에 많은 경험 쌓고 가네요","카카오의 안좋은 얘기가 들려올때마다 마음이 아픕니다
제 회사는 아니었지만.. 꼭 잘되었으면좋겠습니다","워라밸이 보장됨, 전체적인 엔지니어 수준이 괜찮음.
인프라가 안정적이고 지원을 잘해줘서 개발하기 편안함.",야후와 합병하며 사실상 라인이 먹힌 그림. 앞으로 성장 동력을 잃고 가라앉을 회사처럼 보인다.,"회사의 미래가 창창함, 국내 시장에서도 성장할 기회가 많이 보이고 잘 하고있기도함
외국인들과 일하는 경험도 신선함","개인은 회사의 성장을 위한 부품이고 개인들도 그점을 잘 인지하고 있음, 회사에 로열티가 느껴지지 않음
한국인이 을이라 한국인들이 외국인 시중 들어주는 느낌임","사내복지 좋고, 주32시간 근무가 무엇보다도 장점. 비교적 좋은 기업문화","독일 인수합병 이후, 전형적 외국기업 지사로 변하고 있어 업무수행시 현실과의 과리감이 큼","똑똑하고 열정적인 사람들과 일할 수 있는 최고의 기회
엄청난 수준의 autonomy","조직이 많아서 협업이 힘들때가 많음
정확한 방향성과 지시를 원하면 매우 힘듦","어디서도 볼 수 없을 만큼 훌륭한 동료들과 일할 수 있음
급여 수준 넘사벽","분야의 특성상 매우 바쁘고 스트레스가 많음
출장이 많고 영어에 대한 압박이 있음","워라벨(퇴근 후 업무적인 연락X), 팀by팀
알바처럼 일만하고 퇴근 가능
이상한 사람들도 많지만 좋은사람도 많음
애플제퓸 할인
현금성 복지
자유로운 병가 및 연차
사내 규정만 잘 지키면 정년까지 재직 가능","열심히 해도 오르지 않는 연봉, 승진해도 비슷한 연봉
특정 부서에서 왕따 및 따돌림 심함
뒷담이 너무 심함
다양성에 대해 강요비슷한 강조
열심히 한사람과 하지않은 사람에 대한 결과나 보상이 비슷함
하는일에 대해 반복적인 부분이라 업무적으로 발전하는데 한계가 명확함","우선 사내 문화가 선진적, 수평적이어서 업무를 꽤 효율적으로 할 수 있음. 한국 컨텐츠 자부심! + 너무 좋은 직장 동료들!","좀 바쁨. 그러나 시즈널리티가 있는 것 같고, 유연하게 시간 스케줄링할 수 있어서 괜찮은듯.",자율근무제가 무척이나 자유로워서 근무중에 잠깐 짬내서 개인 볼일보기 쉬움,아무래도 외국회사다보니 개인주의적인 회사 느낌이 매우 강함
18,"재택.. 최고임.
자유롭게 시간을 쓸 수 있다는게 최고의복지
한국에서 가장 유저가 많은 서비스를 만져볼 수 있다는 메리트 (잘나가는 서비스의 경우 의미있는 경력을 가질 수도 있다는 의미)
회사에 병원있는 것도 좋음","위치.. 위치 구림!
워라밸도 구림!
이 단점을 재택이 상쇄하는 것이니 없어지면 망함 ㅎㅎ
생각보다 수직적이고 탑다운 업무가 많음
돈 별로 안줌 기대 대비 네이버는 짠돌이임","이것저것 많이 챙겨줌
사내 복지가 매우 다양함
만족스러운 오피스","열린 척 하지만 본질은 그렇지 않은 꼰대 존재
업무량 꽤 많음"," 연봉
 재택 근무, 복지 포인트, 재택 지원금 등 다양한 복지 혜택
 다양한 배경의 인재들을 만날 수 있는 기회
등등","일본과 합병으로 인해 퇴화되는 듯한 기업문화 및 사업 방향성 등
개개인의 성장과 회사의 성장이 여러 부분에서 우려됨","재택 (사실상 없어져가는 추세)
워라벨 - 눈치 덜보고 퇴근, 자유로운 연차
이츠 업무를 보지만 쿠팡 소속","팀장바이팀장 중 최악
팀의 업무는 어필도 안되고 팀장만 배불림
휴먼매니징 없음
멘토 없음
인사팀 없음, 그냥 리크루팅팀
보고를 위한 업무
거의 주단위로 변경되는 케이피아이
주니어 연봉인상률 최악
주니어 프로모션은 오롯이 팀장의 능력
현금성 복지 없음","워라벨, 복지, 사내문화 다 너무 좋아요! 일하기좋은 환경을 만들려고 노력함
근데 코로나시기에 입사해서 강점이라는 사내문화(피플실..)를 잘 체감하지는 못함","팀 잘못걸리면 커뮤니케이션에 체계가 너무 없어서 상사들 사이에서 새우등터지는 일이 발생함
","사내 문화, 복지, 워라벨이 가장 좋았습니다. ",성장 기회가 직군에 따라 어렵기도 합니다. 회사가 멀어요.,일본 아마존에서 일하는데 워라벨은 최고인듯. 본인이 원하는 시간에 일할 수 있어서 좋음. 일이 없으면 없는대로 플렉시블하게 일할 수 있고 딱히 터치 없음.,"개개인의 역량, 실무 능력으로 보면 출중한 사람들은 많으나 리더십이 부족한 매니저가 대부분.","직원들의 성장과 발전을 중요하게 생각함
워라벨 좋음
복지 좋음","리테일 중 급여는 상
사무직과 비교하면 아쉬운 급여
급여 제외하고는 만족스러운 회사","본인 스케줄 일정부분 본인이 관리 가능
서로에게 쓸데없는 관심이 없다","나빼고 다 잘난것같아서 자괴감 들 때 있음
장점이 될 수도 있는데 조직이나 프로세스가 지속적으로 바뀐다",일과 사생활 둘다 존중받는 회사. 가족같은 동료들과 함께함,매니저들과 리더십에 변화가 필요하다고 생각한다. 매니저가 될수있는 기회들이 많이 없다.
19,"젊은 층에 맞는 복지제도
생각보다 자유로운 문화","고인물들이 많은 회사
경력직이 대거 들어오면서 각자 전회사의 이상한 문화를 가져옴","같이 일하는 사람들은 다들 좋음.
아직은 카카오 이름 자체는 나쁘지 않은듯.","회사 안밖으로 너무너무 어수선함
미래 동력이 뭔지 알수가 없음. 10년뒤에 있을지도 잘 모르겠다.",팀원들이 다 너무 좋음. 복지 아주 좋음. 수평적인 커뮤니케이션,워라밸이 좋은 편은 아님. 꾸준히 자기개발하지 않으면 고이기 쉬움.,눈이오나 비가오나 풀 재택근무 (워라밸이 좋음)/ 부바부지만 칼퇴 가능,재택 이외의 모든 것. 돈도 적고 일도 빡셈 물론 안빡셀때도 있음,"보상이나 문화가 압도적으로 무난하다
영유아 아이와 함께라면 더욱 좋을 것 같다","부서에 따라 과중한 업무량
만연한 주먹구구식 일처리
흐릿한 비전",자유로운 기업문화. 팀원들이 다들 나이스하고 빠르게 성장할 수 있음.,"조직에 체계가 없음. 잦은 조직개편. 좋지 않은 워라밸. 회사의 비전이 안 느껴짐.
(서울이라고 적었는데 멘로파크임)","aws가 무료다
기술 전문가가 주변에 많다. 동료에 댜한 만족도는 최고
자유로운 근무 환경과 문화
트랜디한 기술을 접하고 역량을 키우기엔 좋다","급여가 높지 않다
예전 AWS문화보다 많이 퇴색됐다
관리가 들어오면서 고용 불안정이 조금씩 느껴진다
비용 압박이 들어올땐 정말 심하다
개인 역량에 따라 결과가 다르다","법적으로 지정된 복지는 눈치볼 필요 없음
학벌에 따른 진입장벽 낮음","급여가 적고 인센티브 없음
개인 퍼포먼스로 급여 인상 달라지는부분 미비함","스스로 워라밸 관리 가능
능동적으로 일하는 사람에게는 잘 맞는 회사","일이 많음.
은근히 서비스직. 스트레스가 많음
수동적으로 일하는 사람에게는 힘들 회사.","구글이라는 브랜드

그 이상도 이하도 없는 곳. 지사라는 한계로 인하여 개선을 하기조차 힘든 곳.","힘들게 면접 뚫고 들어왔더니, 실상은 바깥 세상의 변화에 무지한 고인물들이 신입들을 괴롭히는 구조.

매주 잡히는, 새벽까지 술 강요하는 회식
부적절한 언행과 업무 방식을 리포트 해도 개선 없음
지사라 권한 없음"
20,"뛰어난 동료들과의 협업, 겪어보지 못한 규모의 사용자 풀","워라벨은 없음, 뛰어난 동료들 사이에서 뒤쳐지면 안된다는 불안감","IT 특유의 자유로운 분위기가 두드러짐
개발직군이면 더욱 크게 다가옴","근래 들어 어수선한 분위기가 지속되고 있음
향후 귀추에 주목해볼 필요가 있음",재택 가능. 다들 능력자라 빌런 없음. 사내 문화 좋음,일본 영향도가 높아지고 있어서 유연한 사업 운영이 어려움,"수준높은 동료들과 합리적인 의사결정
그리고 높은 수준의 급여","이또한 성장의 기회겠지만,
영어는 어느정도 할 줄아는 것이 여러모로 좋다.","32시간과 재택
소소한 복지
그러나 여러 단점들로 힘듬","우아한 소통에 갈려나라는 정신
무슨일 하는지 모르겠지만 하라 하는 탑라인","보상은 잘준다.
수평적 문화로 꼰대가 없다.
다른 회사에서 오퍼가 많이 온다.","업무에 대해 잘 하면 좋지만, 뒤쳐지면 노답
엔지니어 특성상 본사와 일하는데 시차가 빡시다.",일을 찾아서 하는 느낌이고 훌륭한 동료가 많은 편이라 서로 배우고 성장하는 경험 가능,목표지향적인 사람들만 모아놓다 보니 경쟁적이고 자기중심적이지 않으면 살아남기 힘듬,"네임벨류
할인 및 기타 현금성 복지
스케줄근무( 좋은 사람만)
왜 여기 있어..? 싶은 팀원이 매우 많음 능력있는 친구들과 좋은 친구들이 대거 포진
주식 (ESPP / RSU - 다만 리테일팀은 서포트4, 리더쉽 아니면 그닥)
애플 스토어도 애플 직원 맞음. 그냥 팀이 리테일일뿐임.","연봉
월급
식대
연봉
연봉
쥐꼬리 주식
무능이들의 리더쉽
시기질투 많는 팀원들 흡사 여초랑 동일
뒷말 많이 함( 앞뒤다름)
스케줄 개극혐 수준( 리테일)
회사시스템 자체가 진짜 노답 대기업맞나
열받는 애플식 화법","보고 없이 스스로 결정하여 업무 진행가능하고 정보에
대해서 서로 공개하려고 노력함(한계가 있지만)",커리어의 성장을 신경쓰진 않음. 각자 알아서 일하면서 좋은 기회를 모색,"사람들의 높은 의식 수준, 함께 배워가고 성장해나감을 추구하는 문화","젊고 자유롭지만 때때로 과함
역시 회사는 회사다
리더십에 대한 지나치게 높은 기대"
21,"밥을 잘 챙겨준다
개인업무지원비가 쏠쏠하다
모두가 아는 대기업","사옥이 역에서 너무 멀다
야근이 잦다
다소 개인주의적 문화","판교역과 연결
구내식당 있음 (무료 아님)
그 외엔 별로 장점이 없음","팀마다 분위기 많이 다름
재택근무 사라짐
회사 이미지 하락","역할과 책임이 명확하고, 워라벨이 괜찮음
연봉 복지수준이 괜찮음","역할과 책임이 너무 확실하게 나뉘어서, 서로 결정을 하지 않으려고함","사내문화 매우 좋음. 우수한 동료들이 많음.
일은 많지만 시간을 유연하게 사용할 수 있음.","일이 많음. 사내정치 있음.
여기가 한국인지 외국인지 구분이 안될때가 가끔 있음.
성과에 대한 보상 박함.","다른 회사와 비교해도 매우 좋은 복지
비교적 좋은 동료 및 사내문화","혼자서 5인분 처리해야 할 정도의 엄청난 업무량
사내 정치질
체계없음
상식이 통하지 않는 곳","실력있는 동료들
회사 음식이 먹을만 하다
뭔가 빠르게 MVP 만들고 테스트 하는 문화"," 전반적으로 경쟁 치열
그로인한 워라벨/멘탈 관리 문제
틱톡과의 경쟁에서 뒤지고 있고 스탁 탱킹으로 인한 무력감","시장을 리딩한다
신기술 접할 기회가 많다
트랜드에 뒤쳐지지 않는다
주가에 따라 휘청거리지만 급여가 좋다","실제 서비스 개발/운영 경험을 쌓을 수 없다
인원이 늘어서 약간은 대기업화 됐다","언제, 며칠을 여행가던 절대 터치 없는게 가장 큰 장점입니다. 연차 자유롭게 사용 가능 / 붙여쓰는 것 가능",개인적인 성장과 발전이 거의 없음. 나 스스로 무엇을 해야할지도 모르겠고 계속 있다보면 커리어 단절될 것 같다는 생각을 많은 사람들이 하게 됨,"높은 연봉, 업무 환경, 자유와 책임기반의 조직문화, 꼰대가 없다","아직 못찾았음, 앞으로도 못찾을 것 같다. 집에서 좀 먼것? 하지만 재택도 자유로움",동료들이 똑똑하고 다른 사람들이 많이 사용하는 서비스를 개발 할 수 있음,안정적인 기업이라 부서에 따라 프리라이더가 있는 경우도 있음
22,팀바팀이겠지만 비교적 좋은 문화를 가지고 있다. 아무래도 모자라는 부분 없이 고르게 모든 면에서 평균 이상인 것이 가장 큰 장점이다.,업무량이 많은 편이다. 개인주의 성향이 강한 편이다 보니 끈끈함이나 서로 이끌어주는 문화는 아니다.,훌륭한 동료들과 자유로운 분위기는 분명 매력적인 장점입니다,뚜렷한 방향성이 없는 경영진과 불투명한 사업 성장성이 불안함,"풀재택이 1순위
대기업의 개발 문화
해외 사람들과의 협업","기업 합병으로 삐걱이기 시작한 느낌
대주주 소뱅의 손 마사요시가 말아먹은 비전펀드
쓸데없이 많은 회의
스크럼

침체기가 다가와서 그런가 현재 블라 여론도 나빠진 편","워라밸이 좋음 그리고 수평적인 분위기여서 팀내 분위기가 좋음

",물경력이 되기쉬움 빨리 이직하는게 답일듯 싶음.. 이직추천,"복지 좋음
일한만큼 보상
동료들이 좋음
상호존중 문화","정치가 심함
서로 줄타기 심함
일 안하면서 월급 루팡 직원들 있음",제법 자유로운 문화와 훌륭한 복지. 외국계스러운 문화요소,커리어 욕심이 있는 사람이라면 성장이나 배움을 찾기 어려울듯함,좋은 환경에서 빠르게 성장할 수 있는 기회가 주어지는건 매우 큰 장점.,그만큼 높은 업무 난이도와 많은 업무량은 당연히 따라오는 부분.,워라밸 아주좋다 메일 칼퇴 정시출근 가능 왕 좋아요,사내정치있음 어디나 마찬가지임 진짜 사내정치 너무심함 사내정치를 안잡는다,"한국 사업이 잘되서 으쌰으쌰 하는 분위기 있음
사람들이 대체로 나이스한 편","컬쳐가 진짜 특이함
말 많이 잘하는 사람이 유리한 직장
일 많음","높은 연봉
다양한 복지혜택
수평적인 조직문화
자유로운 근무 환경
다양한 교육과 훈련 기회
글로벌 네트워크",영어실럭이 요구됨. 빠른 변화 및 뛰어난 세계의 동료들과 경쟁
23,사옥시설이 좋고 구내식당이나 복지가 잘되어있음 밥 맛있음,부바부 사바사 타 대기업에서 넘어온 보수적인 인재들이 많은 편,"하고 싶은 일 전폭적으로 지원해줌
자율 출퇴근
간식 줌","경영진이 별로에요
사람은 많은데 건물이 너무 협소해요","재택이 가능하며 좋은 업무 문화를 가지고 있음.
개발자로 성장할 수 있는 다양한 기회를 공유해줌.
진리의 케바케라고는 하지만 워라밸을 잘 지키며 일에 집중할 수 있는 문화가 좋다.",재택이기 때문에 초반에 팀에 적응하는 데에는 시간이 많이 필요함.,"재택근무
또 재택근무
오로지 재택근무
이거 외엔 정말 없는듯","몸집이 커져서 시스템도 다양하고 복잡해졌으나 여전히 수동적인 휴먼 갈아넣기 프로세스가 난무함
리더쉽 프린시펄? 어이가 없다 과연 이거대로 행해지고 있다고 보나?","일 하기에 좋은 회사를 만들고자 노력을 많이함
웰컴온, 규율을 토대로 자율을 보장하는 신뢰있는 구조",공격적인 목표와 함께 업무량과 성과에 대한 스트레스가 있음,"신경을 긁는 사람이 없음
유능한 사람들을 보며 모티베이션을 끌어올릴 수 있음
졸리면 자고 배고프면 먹고 일하고 싶을 때 일할 수 있음
모든 것이 내 컨트롤 아래에 달려있음
해외 지사/직무를 바꿔가며 유연하게 일할 수 있음
해외 출장 원한다면 언제든지 가능
내 의견이 굉장히 중요하게 받아들여짐","목표가 정해지면 무조건 앞만 보고 달려야함
유능한 사람들이 많아 승진이 어려울 수 있음
새로운 업데이트가 많아서 매일매일 공부해야함
경쟁사에 비해 연봉이 그다지 높지 않아보임","능력있는 동료들

수평적인 분위기

빠르게 발전하는 기술만큼 내 기술력도 크게 향상됨","주변에 능력있는 동료들이 많기에 그만큼 경쟁이 치열함.

연차가 올라감에 따라 회사에서 직원에게 고려하는 기대치가 큰편이기에 의도치 않게 업무량이 기하급수적으로 늘어남.

수평적인 분위기와 맞물려 사수 부사수 개념으로 상사가 나를 케어하지 않는 문화임. 즉, 내가 알아서 일을 찾고 성과로 만들어야함. 그래서 안정성을 추구하는 사람들에겐 힘들 수 있음","워라벨. 남아도는 휴가 병가.
이걸 쉬아웃하는 것도 쏠쏠","그다지 없는데.. 이제는 미래가 좀 걱정됨
미국 본사에서 출장오는 애들 보면 좀 부러움.","활발한 피드백 문화
최상 최고의 업무 환경 - 일에 몰두할 수 있도록 아낌없는 서포트
경쟁의식이 없고 모두가 모두를 도와주는 문화
자유롭고 유연한 분위기와 능력있는 동료들","최고의 동료들과 함께 일하면서 나도 모르게 느껴지는 부담감이 있으나 이 또한 장점이 될 수 있음
스스로 시간 관리를 해야 함 워라밸 무너지기 쉬움
능동적으로 일을 해야 하므로 시키는 일만 하는 사람에게는 힘들 수 있음","점심, 복지
사람들 매너도 좋습니다
같은 직무하는 팀원들이 많아 든든해요","쉴틈없는 사이드 프로젝트
영어를 정말 잘해야한다
글쎄요.........."
24,아무래도 밥이 맛있고 재택이 가능한게 좋았음. 인프라도 좋음,일은 좀 빡셈. 회사 분위기가 좋지만은 않다. 앞으로 힘들듯,"기업 문화는 정말 좋다
동료들의 인성도 훌륭하다
워라밸도 좋다 복지도 좋다
유연근무제","커리어 챙기가 어렵다
이런저런 보고가 많은 편
각자도생해야함",높은 수준의 급여. 자유로운 사내 분위기. 글로벌한 사업무대,야후와 합병 후 위에 나열한 회사의 장점이 약소화되는 중,재택. 워라벨이 좋다는점. 저녁밥이 공짜입니다.ㅎㅎ 내 일만하면됨,계약직으로는 비추. 체계만들어가는중. 물음표생기는 업무,성장을 응원하고 다양한 교육제도를 계속해서 발전해나가는 회사,큰 단점이랄게 없음. 일이 너무 많아서 모두가 정신없다는거,"굉장히 오픈된 문화
인상적인 내부 툴체인
직원들을 많이 믿어줌"," (엔지니어링의 경우) 내부 툴링이 정교하게 잘 짜여있지만, 이것 때문에 바깥의 오픈소스에서 쓰던 워크플로우와 호환되지 않는 경우가 많이 있음",배울 기회가 많고 일하면서 내재화되는 속도가 빠르고 수준이 높다.,모든 것은 셀프 서비스이며 여러 자료는 흩어져있기에 아이러니하게도 동료들과 커뮤니케이션이 원활하지 않다면 시행착오가 빈번히 발생하는 비효율이 존재힘,"인간관계
자유로운 휴가
주식
쏠쏠한 복지
병가
분단위 연장수당","급여
불규칙한 스케쥴.
아쉬운 식비.
주차 불가.
가끔 나타나는 빌런.","자율성 보장 + 피드백 문화로 건강한 조직문화
개개인의 성장을 위한 지원과 복지 풍부","면접이 일반 회사처럼 3-4단계로 정해져있지 않음 10번 이상 본 사람도 봤음
회의가 많은 편","엔지니어로서 좋은점
돈많이줌
이직할때 이름좋음
똑똑한 사람 많아서 많이배움
워라밸좋음",앞으로 다른회사가 구글 먹을수도있다생각해서 약간 불안함
25,동료들이 뛰어나고 배울점이 많으며 급여 복지 모두 만족스러움,"최근 채용인원이 줄어들어 업무량이 많이 늘어남
팀마다 편차 있음",워라벨 꿀빨기 좋은회사임 어린이집 간식공짜 사내식당 좋음,경영진 무능이 최대 단점이라 탈출준비중임 구다음처럼 될것같믐,"동료 수준 높음
근데 이제 다 탈출하는 중이라 앞으로도 높은지는 미지수
능지가 있다면 인질잡혀 있는게 아니면 다 탈출중","빠르게 침몰하는 배

경영통합한다면서 경영진이 야후에 주도권 다 뺏기고
손놓고 속수무책으로 일방적인 흡수통합 중

문제는 일본 야후가 세기말급 무능한 회사라는게 통합 과정에서 드러나고 있음

이제 네카라에서 라인은 빠져야할듯","재택이 가능하고, 외국인 매니저들이 많아 사고방식이 유연하다(꼰대문화 없음)",외국인 천지라 영어 안되면 스트레스받음. 그거 외엔 다 좋음,"이것저것 다 시킴...
내가 뭘로 뽑혔는지 햇갈릴때가 있음
이게 장점이자 단점이다
전문성을 잃어가지만 많은일을 해볼수있음","어마어마한 마이크로 매니징
작은일 하나하나 간섭하니 내 일만 온전히 하기가 힘들다","시니어 레벨에서는 여느 회사와 마찬가지로 정치와 권모술수가 난무하지만, 실무레벨은 그런거 신경 쓸 필요 없이 자기 할일만 잘 하면 되는 구조라서 편함. 사내정치나 꼰대문화, 악습 없는 편. (팀바팀이긴 함)
탑급의 복지. 3백만원 이상 연 복지수당, 구내식당, 남녀불문 4개월 출산휴가 등등...회사에서 전사 휴무일도 가끔씩 뿌려줌. 올해는 전사 휴무일만 5일인가 6일인가 나왔음.
이것도 사바사긴 하지만 연봉 수준 높은 편. 본인 실적 대박나면 가끔씩 큰 돈도 만질 수 있음.
테헤란로에서 가장 비싼 건물로 최근에 이전함. 뽕에 취할 수 있음.
아직은 괜찮은 네임밸류.","커리어의 업사이드는 국내 기업들과 비교해봐도 제한됨. 별 욕심없이 다니기에는 너무 좋은 회사인데, 대체로 그런 사람을 뽑지 않는다는 것이 문제임. 고인물이 되거나 나가거나. 실제로 고인물들이 많이 존재함.
짜치는 업무가 심하게 많음. 로컬오피스의 한계라고 생각함. 하다보면 내가 이런거 하려고 여기 왔나 자괴감이 들음.
회사의 방향성이 산으로 가는듯한 느낌을 받음. (특히 최근 들어)
최근의 주가 폭락으로 직원들의 사기 저하와 동요가 있음.","훌륭한 인재들만 모인 곳이라 배울점, 성장 기회들이 무궁무진하게 많다.",성과 압박이 심한편이고 직무에 따라 워리벨을 지키기 힘들 수도 있음,"사람을 사람답게

경영철학

병가 이유 묻지 않음

재밌음","리더쉽이 문제임
권력 오남용 심한데
사원들을 위해 일하는 리더쉽 없음","무엇보다 금전적 보상인 듯. 연봉에 몰빵해주는 구조라 커리어상 정점의 연봉을 받고 있음 단, 기타 배네핏은 거의 없다고 보면 됨 (보너스 포함)
조직이 상당히 수평적임.
핫한 회사를 다닌다는 넷뽕.","일이 항상 진심 진짜 너무 많다. 진정한 번아웃 경험하기 딱 좋음. 쉬는 날도 이메일, 메세지 계속 와서 쉴 수가 없음.

피드백 문화가 장점이기도 하지만, 경우에 따라서는 이상한 피드백과 상하, 부서 무관하게 피드백?이 난무해서 은근 사내 정치 혹은 타 부서와의 관계까지 신경쓰지 않을 수가 없는 피곤함이 있음.","업무 자유도가 높은 편
같이 일하는 사람들이 대체로 실력있음
외국인들과 주로 일함 (동료들이 대부분 외국인)
회사의 규모를 생각하면 대기업임에도 불구하고 상당히 수평적인 문화가 여전히 남아 있다고 생각됨","본사에서 많은 권한을 갖고 있어서 운신의 폭이 크지는 않음
직원 한명한명의 책임이 크고 생각보다 체계가 없어서 맨땅에 헤딩하는 것 같을 때가 좀 있음
(진리의 팀바팀)"
26,"당근 재택근무 아닐까
타 회사들 재택근무 없어지는 분위기인데 재택은 유지될듯","아직까지 크게 단점이라고 느낄만 한건없음
무난하게 꿀빨면서 다닐만 한듯","휴가 30일 이상
내맘대로 연차 결재 필요없으
극강 워라밸","부족한 아마츄어 경영진
통제되지 않은 무소불위 권력
젊꼰","직원들을 배려해주고 여러 자잘한 복지가 좋았음
주변 동료가 좋아서 기술적 역량을 높일 수 있음","답답한 커뮤니케이션
수직적인 문화
레거시를 개선하려는 의지가 약함

일본화 되어 가는 기업 문화와 더 이상의 도전을 반기지 않는 분위기","깨끗한 본사 사옥
맛있는 구내 식당
괜찮은 연봉
워라벨
다양한 업무 경험 가능","부서마다 업무 및 커리어, 연봉 차이 심함
대기업 치고는 없는 복지
오래 다닐 수 있는 분위기가 아님",같이 일하는 사람들 보고있으면 나도 덩달아서 같이 잘하고 열심히 하고 싶어짐. 물론 팀바팀이겠지만,우형만의 문화가 강력하고 성격이 뚜렷했다고 생각하는데 규모가 점점 커지면서 그걸 유지하는데 많은 성장통을 겪고 있다고 생각함,돈이 최고의 복지. 업계 최상위 수준의 TC. 의료보험 등 기타 복지도 우수한 편임.,"회사는 워라밸을 개선을 강조하고 있지만 워라밸이 좋아지고 있는지는 잘 모르겠음.

MPK 말고는 식당 밥이 맛있지는 않다.","자유로운 연차 사용, 외국계의 수평적인 분위기, 프라이버시 존중","인사이동이 잦아 업무 히스토리를 아는 사람이 없음, 업무량이 많음","개인적으로 일하고 싶다면 그래도 됨
서로의 가치관을 존중해줌","소문이 너무 많음
적은 연봉
계속 사람을 만나는데 드는 체력적인 한계","함께 일하는 동료들의 수준. 책임감, 리더쉽, 프로정신
자유와 책임 기업 문화",업무 강도. 전략의 빠른 전환. 출근 시간이 없지만 퇴근시간도 없는,밥이 맛있다. 자유로운 분위기. 매니저에 따라서 정말 행복할 수 있다. 서로 존중해준다.,자유로움 속에 방만이 존재한다. 혼자서 성장하지 않으면 자유로움 속에서 쳐지거나 도태될수있다. 끊임없이 스스로 성장해야하는 곳
27,"좋은 동료들, 최고의 근무환경, 맛난 회사밥. 만족스러운 복지",레거시 있는 서비스의 경우배울 게 많이 없을 수도 있겠다는 생각,"근무환경이 쾌적함 오피스 가구가 좋다
최신기술동향을 손쉽게 접할수 있다",비도덕적이고 무책임한 경영진의 활동에 상당한 피로감을 느낀다,"자율 근무제, 리모트, 그리고 워라밸
리모트가 최고. 개인을 믿고 각자 근무 시간을 셋할 수 있는게 최대 장점
능력 좋은 동료가 많고 상식적이고 평이한 분위기","회사 전체적으로 비대면에 적응되어 소속감 없고 딱딱한 분위기
보상이 적다. 애매한 연봉, 귀여운 보상, 기본은 하지만 평범한 복지
기업 규모에 비해 너무 소수 인원으로 일이 돌아가는 경향이 있다 지금은 채용 프리징이라 더 그런듯
팀바팀이지만 주니어나 신입은 들어오면 적응하기
힘들듯 끌어주거나 케어해주는 사람 없을 가능성 높음","팀장들이 분석적인 데이터를 기반으로 팀원들 사기를 북돋음(팀바팀이지만)
사내식당 맛있음","성과 달성에 미친듯이 신입사원 갈구는 곳
아웃바운드&콜드콜 정말 힘듦
강요하지 않지만, 성과 달성하려면 야근/주말에도 업무 스트레스 받음","주 32시간, 풀재택, 좋은 동료들과 좋은 사무실! 다니기에 부족함없다",기간제 구성원의 경우 연봉이 짜지만 비포괄이라 초과근무수당 생각하면 그럭저럭,네임 벨류가 좋고 복지 및 급여 수준 역시 우수. 글로벌 대기업이라는 프라이드가 있음,매출이 계속 떨어짐에 따라 내부 쪼임이 심하고 매우 정치적임. 워라벨 최악,의지와 머리만 있다면 성장 가능한 곳. 사람들도 대부분 나이스함.,의외로 가이드 없음 알려주는 사람 없음 모든 트레이닝은 온라인 의존,"급여 및 회사 복지가 너무 좋아요
자신 뿐만 아니라 배우자에 대해서도 복지가 주어짐
매년 본인 능력 개발을 위한 지원과 각종 복지들이 애사심을 갖게 함","매니져의 능력차가 분명히 존재함
국내 기업같은 정치질은 없을줄 알았는데 존재하는거 같음",최고의 대우 최고의 동료 사내 정치 없음 회사의 좋은 문화,"누가 하라고 하지않지만 일이 많음
스스로 일을 찾아서 최상으로 끝냄","워라밸 급여가 보장된다 복지 좋음
개인적인 느낌 시설이 좋음",단점이라기보다는 외국경험 없으면 살아남기 힘듭니다 뭐든 함께하는 사람들이 어떠냐가 중요한것 같아요
28,"자율성, 유연성
재택근무, 시간외수당
사내식당, 사내동호회","여러가지 일들을 동시에 할수있어야함
서비스에 따라 케바케, 일하는 사람한텐 일이 몰림","같이 일하는 동료들이 실력도 성격도 좋아서, 많이 성장할 수 있습니다.",경영진..이 비전 제시를 제대로 못하고 잘못된 방향성으로 가는 느낌이 납니다.,해외와 협업할수 있는 경험. 비교적 자유로운 분위기. 업무 중심으로 불필요한 보고가 적음,"메이커로써의 주도권이 없고, 직접 써보거나 쓰는 것도 보기어렵다보니 서비스 만드는 보람이 적음","우수한 동료들
글로벌한 환경
오피스 위치
아직 재택이 가능","이 회사 다니면서 번아웃 아닌 사람을 본 적이 없음
멘탈관리하기 힘든 회사","즐거운 일을 앞장서 만들어주는 독특한 기업문화
소통을 강조하고 그만큼 노력하는 구성원들
월요일 오후 출근 (최고)
주 32시간 근무 + 재택","잦은 조직개편과 그에 따른 의사결정의 변화
마이크로매니징의 압박","워라밸이 좋고 연봉이 좋다
복지도 좋고 회사에서 전체 휴일을 많이 줘서 한달에 두번 이상은 쉰다",윗사람 중 보고 배울 사람이 없음 알아서 해야하고 정치가 없지 않음,"신입 기준 어디 가서도 받을 수 없는 높은 연봉
좋은 문화에서 일을 배울 수 있음
네임밸류
외국 지사 이동 등 다양한 커리어 기회","대규모 layoff로 인해 최근 분위기가 안 좋음
연봉 인상률이 크지 않은듯함
미친듯 일하고 눈에 띄어야 살아남음","휴가 쓰고 싶으면 눈치 안보고 쓸 수 있음
보여주기 식으로라도 수평적인 문화를 유지하려고 함
현실에 안주할 수 있다면 최고의 회사
 밝고 좋은 사람이 많다","내가 잘하는걸 잘하는 티를 적극적으로 내야함
가만히 있는다고 승진할 수 없음
능력이 있고 믿을만한 리더십이 많지 않음
하지만 이상한 사람도 많다",세계 최고의 컨텐츠 회사로서 선진회사의 문화와 워크플로우를 배울 수 있다는 점과 믿을 수 있는 동료,워라밸을 이야기할 수 없는 분위기. 휴가가 무제한이지만 쓰지 않을 사람 책임감 높은 사람을 뽑는 느낌,"뛰어난 동료도 많고 서로 존중하는 문화
외부에서 보는 네임밸류",그만큼 경쟁도 치열하고 회사가 급성장해서 기회가 많이 없음
29,"좋은 R&D장비
주변의 훌륭한 연구인력들
연구에 초점을 맞출수있는 환경","상대적으로 연구 실적 압박있을 수도있음
그외에는 딱히 생각안남","부바부 이지만 부서 잘 걸리면, 능동적인 부서에서 하고싶은 일을 워라벨 있는 환경에서 할수 있다. 대체로 직원들에 착한데, 이상한 직원들은 이상하게 특정 부서에 지들끼리 모여있음.
연봉은 5-6년차에 원징 1억도 가능하다. 단, 1억 언저리 부턴 상승률은 낮은 편.",연봉 상한이 낮은편이며 인센이 거의 없다. 가장 큰 단점은 임원진들이다. 진짜 한대 치고 싶다.,출퇴근 부담없이 일할 수 있고 시간을 소중히 사용할 수 있어요,"커리어 향상은 글쎄, 잘모르겠습니다 하지만 긍정적인 미래를 기대해요",다양한 업무를 많이 배우기 + 연차 자유롭게 사용이 가능함,직원복지가 없음 직원복지가 명절에 쿠팡캐시가 끝이며 레벨에 따라 너무 다름,"규율위의 자율를 지키는 회사
구성원들이 대부분 열심히 일하고 자기개발도 하는 분위기","장애 터지면 실시간 대응해야 하는 점
계획했던 프로젝트도 후순위로 밀리는일이 잦다.",워라벨 매니지 가능 + 그래도 외국계 중에는 나쁘지 않은 compensation 패키지,"조직에 있는 사람들이 고인 물이거나 너무 새로 조인하신 분들이라, 매번 일이 리프레시되는 느낌",개발자로써 엄청 많이 배우고 똑똑한 사람들이랑 일함. 돈도 많이 줌,개처럼 일시킴. 야근은 당연하게 여겨짐. 승진 절차고 어려움.,직장내에서 서로를 존중해주는 분위기이고 복지가 좋은편임,그 속에서 치열하고 보이지 않는 경쟁이 존재하고 은근히 무리가 있음,"성장 가능성, 커리어 관리, 업계 탑급의 대우, 깔끔하고 좋은 오피스",어디서든 일을 한다. 자율적으로 일하다보니 일을 시키는 사람이 딱히 없어서 이런 문화에 익숙치 않은 사람은 초반에 적응하기 어려울 듯,업무환경이 잘 구성되어 있어 일하기 좋은 환경을 제공해줌,성과주의로 성과가 나오지 않으며 누가 크게 뭐라하지는 않지만 스스로 불안해짐
30,"사내복지, 연봉 매우 좋은 편
국내기업 중에서 딱히 더 좋은 곳 갈 만한 곳 몰겠음","문화가 군대식 위에서 시키면 넵넵넵
경영진이 제일 군대식",자율출퇴근에 주 40시간만 채우면 돼서 워라밸은 너무 좋음. 주변 분들도 실력 좋아서 성장하기도 좋다.,경영 문제가 너무 심해서 오래 있을 생각이 잘 안든다. 급여도 많지는 않은 편이고 원래 좋았던 사내 문화도 점점 악화 되어가는 듯,팀바팀일 수 있겠지만 팀원들이 너무 똑똑하고 열심히 해서 부끄러워서라도 더 하게 됨,"경영진에 대한 불만이 대체로 있는 듯하고, 일본 법인 및 야후 등등 어지러운 정세에 끼인 상태도 좀 애매함",재택근무가 이렇게 좋을 줄 몰랐습니다. 진짜 이게 최고의 장점!!!,"일이 너무 많습니다. 쿠팡에서의 1년은 다른 회사의 3년이란 말이 있듯, 정말 적응하기 어렵고 일이 많아서 힘들 때가 있습니다.

다만, 이 걸 이겨내면 오래다닐 수 있을 것 같습니다.","비포괄임금제
재택(이었지만 이제는 아닌)
빠른 의사결정 속도","하루에도 몇번씩 변경되는 리더십의 의사결정
촉박한 업무기한
휴가인데 맘편히 쉬지 못함",해외 근무라서 국내보다 더 다양한 협업 모델을 경험할수 있습니다,겉으로는 자유롭고 좋아보이지만 내부에서는 살아남기 위해 계속 치열합니다,"뛰어난 동료들, 고객 집착 문화, 빠른 속도, 안정적인 서비스","점차 늘어나는 이상한 사람들의 비율(어느새부턴가 아무나 막뽑아서 이상해짐), 최악의 HR, 최악의 오퍼레이션, 사라진 킥오프, 외국애들은 Frugal 안지키는데 김치들만 지키라고 강요하는 문화","서로를 존중하기 위해 노력하고, 모든 의견이 수렴될 수 있기 위해 노력",한국문화와 애플문화 간의 발란스에 있어서 아직은 더 노력이 필요,"배울 점이 많은 최고의 팀원들. 직원 전원이 일당백을 함
동종업계 최고 연봉과 대우
개방적인 회사 분위기, 직급 상관 없이 제안과 수용이 가능한 유연함
다양한 시각으로 성장할 수 있도록 만들어주는 업무 환경","일당백을 한다는 건 한 사람이 백 명분의 일을 해야 한다는 것...
계속해서 자신의 가치를 증명해내야 함",직원을 무한 신뢰하는 회사. Inclusive 끝판왕..,나태하고 무능한 사람들이 점점 많아짐. 입으로만 먹고 사는 사람들
31,"자유롭게 의견 개진하는 분위기
탄탄한 인프라 바탕 성장성","기존 막강한 포털 색으로 인한 BM 창출 한계
개개인 역량 발휘 다소 힘들수도",리더를 잘 만나면 일 만족도는 어느 정도 챙길 수 있음. 불평하는 직원들 많지만 객관적으로 이 정도면 워라밸이 좋긴함,경영진의 능력 부족. 방향성도 없고 직원들에게 설명도 없고 리더십도 없고 잘못된 리더를 쳐내지도 않음. 그놈의 패밀리로 살림 다 말아먹을듯,재택을 사랑하면 여기로 오세요. 디자이너라면 여기로 오세요. 디자인 직군이 이정도 대우 받는 회사 거의 없을 듯,"여자들 많이서인지 견제와 거리두기가 심함
경력이든 신입이든 처음 들어오면 적응하는데 애먹을 거임
각자도생","일에 대해 열정적이며 배울점이 많은 상사들이 있음.
기업문화가 수평적임.","급여가 적고, 수평적인 회사 분위기에 적응할 수 있어야 하는데 의외로 그런 점이 어떤 이에게는 어려울 수 있음.","전반적으로 구성원들의 일하는 방식, 기업문화가 자리 잡혀 있음
우수한 구성원 케어, 업무 환경 인프라
","업무량 많음 / 회의 많음
단점은 아니지만 업무 스피드가 빠르므로 개인 역량, 성향에 따라 적응하기 어려울 수 있음","연봉, RSU (주식), 복지. 의료비, 운동 등등 비용이 지원됨","메타버스에 올인 했는데 몇 년 뒤에 어찌될지 모르겠음.
모든 tier 1 회사들이 마찬가지겠지만 업무가 너무 많음.","사내 문화; 자유롭고 수평적인 분위기. 월급, 주어지는 기회 많음","통상 생각하는 주인의식, 오너십을 뛰어넘는 수준의 열정이 있어야 그만큼의 기회와 보상이 찾아옴.","주 2회 재택이 가능하고 비교적 근무가 유연한 편
본사가 빵빵해서 회사 질리다가도 한번씩 본사 뽕에 취할 수 있는곳
개인적으로 발전할 수 있도록 여러 프로그램과 역할로 성장시키는 것도 장점","직원에 대한 투자가 짜다.. 매출 대비 보수적인 연봉, 부족한 식대 구내식당이나 어린이집 없음…
그리고 이상한 매니저들이 너무 많음 부서 복불복이 심함","회사도, 직원인 나의 역량도 하루하루 성장해나감
그속에서 오는 성취감, 재미
개방적이고 유연한 조직 문화
경쟁보단 다같이 잘해보자고 서로 이끌어주는 훈훈한 분위기
내가 참여한 작품들이 국내외적으로 크게 이슈화 될때 느끼는 보람
사무실에서 제공되는 식사, 간식들 & 굿즈
사내 규정 딱히 없고 언제 어디서든 내 할일만 해내면 됨","일의 강도 높음
워라밸을 추구하는 사람들에겐 힘들 수 있는 곳",뛰어난 동료. 한국에 국한되지 않은 서비스 개발. Upper bound 없는 보상. 상대적으로 자유로운 근무시간,서로 관심이 없는 문화. 팀바이팀이지만 생각보다 수직적. 스타트업인척 하는 대기업.
32,"유연 근무제
비교적 높은 총보상
좋은 근무 시설 오피스","인사 적체 심각
실무 감각 없는 고인을 꽤 많다
빵 뜨는 신사업 안나오는 이유는 업무 프로세스 문제","능력있고 착한 동료가 많다
개발문화가 잘 정착되어 있다
복지가 괜찮다
많이 떨어지긴 했지만 네임밸류","모럴해저드란 무엇인지
방만이란 무엇인지
알게 해주는 최악의 쌈마이 경영진들",재택근무 지속하는 몇 안되는 회사중하나 사내분위기좋고 복지 최상,그닥힘들었던점은 없는것같다. 바쁠때도있지만 단점 잘 모르겠다.,100프로 가능한 풀 재택근무 이거 하나면 다른 단점 보완될 정도..,기약없는 정규직 전환 및 시도때도 없는 슬랙방 알람..,"성장할 수 있게 회사가 많이 지원한다.
워라밸은 안맞아도 연봉과 복지 덕분에 이겨낸다.","파트장 팀장급이 애매한 사람들이다.
탑다운이 많다.
쓸데없는 과제가 많다.","적당한 워라밸
좋은 동료
개인이 할 수 있는 업무 범위와 권한이 큼","사내 정치가 일상화된 문화
커리어 향상 기회가 적음
업무에 대한 가이드라인과 체계 부족",능력있는 사람들 덕분에 조직이 많이 성장했고 배우고자한다면 배울 수 있음,EAP 이후 조직이 흔들렸고 뒤숭숭한 분위기가 생겼음..,"연봉 캐쉬보너스 RSU ESPP
비교적 좋은 의료보험,","Bad work life balance
No HC backfill","사내 정치, 위계 등 전혀 신경쓸 필요없이 내 업무에만 집중할 수 있음.",나만 잘 하면 된다는 것이 가장 큰 스트레스가 될 수 있음,문화도 좋고 배울것도 많고 월드와이드한 기업이라서 기회가 많음. 하고싶은게 있고 능력되면 꿈을 이룰 수 있음.,구글은 워크스페이스 개념이지만 아무래도 mtv랑은 좀 차이가 있음. 그리고 구코문제는 아니지만 다들 넘 뛰어나서 내가 돋보이기 좀 빡세다는 단점이 있음. 과학고 서울대같은 느낌. 나도 나름 한다고 하는데 잘한다 소리 듣기 힘듬 
33,"네임밸류, 전국민이 사용하는 서비스, 성장 가능성이 높다는 점, 최고의 복지 수준, 좋은 동료들","일의 강도가 셈, 떠먹여주지 않고 뭐든지 자율적으로 알아서 찾아서 성취해야 한다는 점, 그러나 딱히 단점은 없음","대기업 문화를 즐길수있다
급여가 나쁘지 않다
카카오라는 이름값을 한다
다 똑같은 복지 적용","개발직군과 비개발 직군의 구분이 큼
네이버를 쫒아가는 느낌이 있음",동료들이 일단 실력자가 엄청 많음. 오히려 왜 여기 다니지 싶어서 대단해보임,경영진이 문제인데 프로 조직 분위기인데 결정은 아마추어인듯,높은 페이와 능력 있는 동료들이 있다. 기술적인 챌린지가 많아 성장의 기회가 많다,쓸데없는 프로세스가 많고 미팅이 잦다. 대기업화되면서 안 좋게 바뀐 부분이 있다.,"재택 보장, 출퇴근 시간 아끼니 삶의 질이 올라가서 너무 좋다",딱히 없지만 재택이다보니 불필요한 회의가 하루에 여러개잡혀있다는 거 정도..?,"기업문화 : 직원을 생각하고 사람을 생각한다
CEO와 경영진의 확고한 가치를 기반으로 한 너무 멋진 리더쉽
똑똑한 사람들이 나이스하게 서로 대합니다","조직이 작다
일당백해야한다
프로세스가 없다
혼자서 독고다이로 다 해야한다",쉼없이 빡세게 굴리는회사. 살아남으면 레벨업은 자동으로.,경영철학이 무너지고 있다는 느낌. 한국화가 되어가고 있다는 느낌이 있음,"워라벨은 인정
이직전 회사도 나름 괜찮았는데
애플은 넘사입니다.
일도 정말 편하게 할수있음","그냥 발전가능성이 보이지않음
사람들이 일을 안하려고함 내주위만 그런가","젊고 능력있는 동료들
꼰대같지 않은 경영진
업무 자율성 보장","빠르게 변하는 환경에 계속 적응해야함
지금은 업계 압도적 1위지만 미래에는 과연","아침 점심식사 및 커피 음료
수평적인 문화
젊은 회사분위기","스스로 업무를 찾아야함
개인적으로 맡은분야가 한국에서 힘쓰기 힘듬"
34,"개인 의견을 존중하는 조직문화, 보편 타당한 복지 정책, 대기업 점조직 프로세스 경험","각개전투의 외롭움, 과거 팀웤의 그리움, 수평을 추구하는 수직구조 체계","워라벨이 보장되고, 네임벨류 회사라서 주변에서 부러워함",임원진들이 왜 존재하는지 모르겠음. 팀마다 분위기 차이가 있음,"재택근무가 좋습니다.
상대적으로 젊은 회사라 젊은이들 비율이 높습니다.","재택을 주로 하므로 입사 초반 적응하기 쉽지 않을수 있습니다.
일본 야후와 합병으로 일본쪽이
크게 개편중이라 조직구성이나 역할등 당분간 혼란이 있을수 있습니다.",자유로운 스마트오피스 사용 및 근무를 위한 시원한 지원,사업 성장을 위해 달리는것은 알겠으나 아랫사람들만 너무 쥐어짜내는듯한 느낌,"재택근무,복지포인트 등 복지가 잘 되어 있고 사무실이 예쁘다",사라져가는 배민다움에 대해 강요하는게 힘들었음..파워e성향이면 너무 잘 맞겠지만 아닌 사람들은 좀 버거운 분위기,"수평적인 문화
개인의 삶을 존중
보상이 확실함
식사무료제공","딱히 나쁜점을 찾을 수가 없음

이직할만한 회사가 구글밖에 없음",주변에 우수한 동료들이 많음. 기업문화가 그래서 그런 사람들이 배려심이 많고 착함. 복리후생 나쁘지 않음.,다들 넘 열정적이고 일을 사랑해서 나처럼 그냥 회사는 돈버는곳에 지나지 않다는 마인드의 사람은 살짝 안맞을 수 있음.,"경험하지 못 했던 일을 할 수 있고 보지 못 했던 세계를 볼 수 있다
시야가 넓어지려면 넓어질 수 있다

사람들이 나이스하고 수준 있는 편이다","대부분 사람들이 공무원 같다
같이 일하려고 하면 다 미루던지 남한테 던지기 한다","능력있는 동료들이 적극적으로 협업하는 문화. 대부분의 직원들이 타 부서의 일도 어떻게하면 도움을 줄 수 있을지 먼저 고민하고 알려준다. 각 분야의 전문가들이 사내에 잔뜩 있어서 생각지도 못한 부분에서도 도움을 주고 받는다.

팀과 업무가 아주 세분화되어 쪼개져 있어서 그 분야의 전문가가 될 수 있다.

업계 최고 수준의 연봉은 의심의 여지가 없다. 업무 환경도 최고. 사무실 환경만을 담당하는 팀이 따로 있어서 식음료, 인테리어, 비품 등을 엄청나게 세세하게 챙긴다.","최고들이 모였기에 나 또한 최고의 퍼포먼스를 내야한다는 압박감이 든다. 중간만 하자는 존버마인드로는 절대 다닐 수 없는 곳.

의사결정과정이 탑다운은 아니지만, 엮인 수많은 부서들과 함께 논의해야하는 경우가 많아 의외로 시간이 걸리기도 한다.","문화를 항상 강조
구글 다닌다고 하면 사람들이 다 다르게 봐줌
알면 알수록 재미있는 점들이 많다","알면 알수록 복잡해지기도 한다
밥을 너무 많이 먹게된다"
35,"능력자가 많음
풀재택 유지중(2023)
다양한 기회(occ)","능력자들이 언제 나갈지 전전긍긍.
재택근무가 언제 끝날지 모름.
부바부 상당히 심함.","우리나라 메신저 업계1위 그 누구도 넘 볼 수 없다
나는 1위기업에 다닌다","연봉이 아주 만족스럽고 사내 복지가 너무 좋다
단지 이제 배가 침몰하나 싶기도하다","재택근무 때문에 이직을 못 하겠음
급여와 보상도 만족하고 있음
사람을 통해서 받는 스트레스가 줄어듬","재택이지만 업무량은 재택전보다 많음
하지만 출퇴근이 없으니 재택이라서 덜 피곤함
사람을 만나면서 에너지를 얻는 사람은 힘들어함",부바부이지만 실적을 인정해주는 매니저의 존재와 으쌰으쌰하는 팀 분위기,복지가 약하며 대기업 반열에 들어선만큼 복지부분이 확충되야함,"주32 근무시간
아직은 근무지 자율 선택가능
비포괄임금","본사 압박으로 이윤에만 매달리는 회사 분위기
마이크로 매니징하는 경영진
고인물 중간 매니저급들 역량 미달",복지와 연봉과 워크앤라이프 밸런스가 보장되는 회사입니다.,한국 조직의 규모적 한계 때문에 조직이 작고 펑션이 많지 않다,"국내 최다 클라우드 인력 보유
기술인력은 경쟁사 대비 더 기술업무에 집중할 수 있음","매니저 경험이 없는 매니저가 많음 좌충우돌
하지만 점점 매니저 중심 회사가 되어가는 듯 눈치가 필요해","어찌됐든 세계 최고회사. 세계 최초/최고 제품 양산을 위한 노력.
천재라고 느껴지는 동료로 부터 많은것을 배울 수 있고 전세계 다양한 인종, 유형의 사람을 만날 수 있음.","국내 소수 인원으로 국내 최대의 대기업들을 이끌어가야하는데 물리적으로 힘든 경우가 많음.
워라벨x","회사에 한명씩 있는, '일 잘하는데 나이스하기까지 한 브레인'으로만 구성된 듯한 곳. 탑 다운식의 의사결정이 없음. 맡고 있는 담당자의 권한이 크고, 그렇기에 책임감이 커서 더 좋은 결과가 나오는 곳. 무슨 일을 하던지 context가 중요한 곳. '그냥 하라니까 하는거지' 라는 의사결정이 존재하지 않음

그래서 이런 문화에 맞고 주체적으로 일하는 사람들에겐 역량을 마음껏 펼칠 수 있는 곳 임. 복잡한 절차나 예산, 다른 팀 눈치보기 등으로 인해 힘뺄일 없음!","가면 증후군에 빠질 수 있음 (나는 별거 없는데 들키면 어떡하지..하는 불안감)
어디서나 업무를 할 수 있게 되있어서 시간 관리 잘 못하면 워라벨 무너짐 (일이 많고 다들 빠르게 하기도 함)","직장동료로부터 많은 것을 배울 수 있는 회사
높은 보수","엘레베이터등 건물의 노후
사람에 비해 좁은 사무실
영어 스트레스"
36,"회사 사옥이 일할맛이 난다
동료들 수준이 높다
욕심만큼 배울수있다
개인의 성장은 보장된다
여기 다음직장은 잘가는 경우가 많다(특히 연봉업)","정치판이다
부서잘못걸리면 일겁나 많다
경영진의 생각이 곧 쥬쥬의 생각","자유로운 출퇴근 문화, 서로 존중하는 커뮤니케이션, 판교역과의 접근성",체계가 전혀 없고 신규 입사자를 위한 조직별 가이드가 너무 다르다. 사수라는 개념이 없어서 일을 보고 배울 수가 없는 구조,"재택
좋은 동료들
다양한 기술을 접할 수 있음
만족스러운 급여","c레벨 경영진
언제든 업무 대응 필요
팀원들과 친해지기 어려움","잠실역과 아주 가까운 접근성 더불어 체계적인 신규입사자를 위한 교육
아침저녁 무료제공 점심 저렴한 가격인 4500원
커피머신 물 얼음 무한 제공 자판기 음료수 300원",선임? 개념없이 동료들에게 의지해서 일을 배워야하는게 아쉽더,"직원의 복지는 최고인듯
연봉도 업계중 상위에 해당
사내문화도 좋음",본인만 성과를 내주면 가족들은 복지혜택을 누릴 수 있음,회사 혜택 및 대우가 정말 좋은 편. 바교적 승진 기회 등도 있는 편,생각보다 타 동종업계 회사 대비 워라밸이 안좋은게 단점.,훌륭한 동료들이 상대적으로 많습니다. 물론 여기도 답답한 분들 많고 게으른 분도 계시지만 이전 직장 대비 훌륭한 분들의 비중이 훨씬 높습니다. 훌륭한 동료가 곧 복지죠.,좋지 않은 워라밸로 유명하지만 특정 직군은 더더욱 지옥을 맛볼 수 있습니다! 특히 ML 관련 업무하는 몇몇 분들은 GenAI 대응하느라 주말 밤낮 안 가리고 주 100시간 이상 일하는 것 같습니다.,"여러 사람들 만나면서 보는 시야를 넓힐 수 있음
웃으면서 일할 수 있는 직장임
성숙한 피드백 문화","성숙한 피드백을 하는 사람도 있고 못하거나 안하는 사람도 있었음
리더쉽에 따라 매장 분위기 달라짐
가끔 저 사람이 어떻게 저 위치에 있을까 라는 생각이 드는 사람도 많음
돈 바라보고 오면 안됨 대신 실력을 검증하면 인정받는걸로 보임","자유로운 분위기
근태 신경쓰는 사람 없음
나 할 일만 하면 아무 문제 없음
꼰대없음
업계 최고 경력, 능력의 동료들","일이 많다, 이래도 되나 싶게 많다
회사가 커지면서 조금씩 생기는 균열?","커리어 성장의 기회
좋은 리더와 일해볼 수 있는 기회
성장하는 산업",본인보다 뛰어난 많은 동료들로 인해 때로 스트레스를 받을 수도 있음
37,사옥이 좋음 부모님이 어디가서 자랑스러워 함 나름 프라이드가 있음,"워라밸이 썩 좋은 편은 아님
그걸 당연히 여기는 문화가 있음","복지가 좋고 워라벨이 보장되는 곳.
재택 근무가 가능해 좋았다.
동료와 으쌰으쌰하는 분위기가 좋았다.","회사가 점점 기우는 느낌,
직원을 위한 제도를 점점 줄이는 느낌이었다.","재택근무 가능하고 복지도 좋은 편
원한다면 시차 제한하에 해외리모트도 가능함","수직적인 분위기와 개인주의?
디자인 에이전시와 다를 것이 없는 분위기",베이스는 아니지만 tc보상은 다른 회사에 비해 경쟁력이 있음,"보상외에 장점을 찾아 보기가 어려움
비효율적인 업무 진행이 많고, 탑다운 문화가 강함","비포괄, 뛰어난 동료, 재택, 배민 브랜드, 다양한 복지","잦은 의사결정 반복 및 이해 안가는 체계, 그 외 일이 많다","열심히 한다면 매니저 레벨까지(E6) 빠른 승진이 가능
입사후 약 2달간의 부트캠프를 통해 원하는 팀을 고를 수 있는점
매우 좋은 급여와 보너스. 리프레셔를 통해 4년이후에도 금여가 깍이지 않는다
똑똑한 팀원들과 리더들
메타버스(metaverse)에 선두에 있는 회사. 앞으로 5 - 10년 안으로 새로운 방식의 인터넷세상을 여는데 역량을 집중하고 있음","페이스북에서 일한다는 걸 공개하기 꺼려 질때가 있다. (구글의 경우와는 상반되는 반응들)
회사 가치중 하나인 Move Fast 에 충실한 회사. 코드 퀄리티가 희생되는 경우가 많다.
이메일이 아닌 채팅과 workplace(사내 페이스북) 으로 이뤄지는 커뮤니케이션. 빨라서 효율적이지만, 반대로 이걸 때문에 집중이 분산되는 경우가 많다. 본인이 스스로 boundary를 잘 설정해야 한다.
반년마다 있는 PSC(고과심사)에 스트레스가 심하고 일이 많아서 주말에 일해야 하는 경우도 있음
승진은 빠른대신에 E5 시니어 레벨 부터는 정치 싸움도 잘해야 한다.","좋은 동료가 많음 그래서 사람들에게 배우는 점이 많음
하고자 하는 일이 있으면 오너십 갖고 할 수 있음
좋은 사무실
괜찮았던 연봉","워라밸은 없음 동료들 다 아픔
팀바팀이겠지만 리더십 엉망 (동료한테 배우지 리더십한테는 기대 X 특히 요즘 더)
주가때문에 연봉 올라도 제자리","생각없이 일하면 좋음
야근없음
애플제품 할인받을 수 있음","리더십에 따라 스토어 분위기가 너무 다름
연령층이 너무 다양해서 가끔 회사가 아닌 학교같은 느낌
어른스럽고 좋은 직원들도 많지만 아닌 직원들이 더 많다
여기서 성공하려면 이직 혹은 진짜 이 악물고 여우짓해야 성공할 수 있음","모든 임직원이 한 명도 빠짐없이 서로가 서로를 끌어주고 밀어주는 분위기
말 그대로 일에 몰입할수 있는 '최상, 최고의 환경'이 무엇인지 이 회사를 와서 알 수 있었음
귀감이 되는 동료들의 경쟁력, 역량, 에너지레벨
경쟁 의식이 존재하지 않는, 우리 모두 함께가 만연한 분위기
너무나 맛있는 아침 점심 저녁 간식 (그냥 미쳤다)
다른 곳에서는 '어려울 수 있는', '승인 절차가 너무 많은' '일을 위한 일' '비효율적' '정보 제한' 등을 쏙 빼고 좋은 액기스만 남겨놓은 느낌
매일 매일 나만 잘하면되가 느껴지는 (좋은 의미) - 능동적, 주체적으로 탈바꿈하는 나를 볼 수 있음","아 아직 정말 없네요...물론 정말 최고의 동료들과 함께한다는 자부심에서 오는 부담감 속에 '과연 나도 그런 사람인가' 또는 '킵업할수 있을까'란 걱정이 종종 들지만, 모두가 도와주고 끌어주는 이 곳...ㅠㅠ(감동)","좋은면만 보려고 하면 좋아보임
겉으로는 서로 하하호호 나이스
회사 밥이 그나마 잘 나오는 편","정치질
알수없는 주관적인 승진 체계
서로 밀어주기
어디나 똑같지만 징징거리고 목소리큰놈만 챙겨주고 실제로 필요한 일 너무 바쁘게 하고있음 정작 아무도 몰라줌. 내부에서 쇼잉하고 별거 아니어도 자랑할 프로젝트 많이 하는게 유리함.
의견들이 너무 많음"
38,급여는 좋고 일하는 환경도 나쁘지는 않음. 커리어 만들어가기에도 좋은 회사,"워라벨은 팀 멤버별로 다 다름. 하는 사람들만 열심히
하는 환경","복지는 말할 것도 없이 최고. 구내식당도 나름 맛있고 안마, 사내카페, 무료 간식 등 챙겨주는게 많다. 판교역과 바로 연결돼 편리하게 이동할 수 있다. 수평적 조직문화로 팀원들과 편안한 관계 구축이 가능하다.",팀마다 다르겠지만 내가 지금 하고있는 게 어디로 가서 어떻게 쓰였는지 알 수 없다. 묘하게 자기 사람만 챙기는 느낌이다.,말 많고 특히 합병때매 어수선하지만 그래도 막상 한국에서 이직하려고 하면 딱히 라인대신 갈만한 곳이 없다.,케바케이지만 상상을 초월하는 업무량과 한국 공휴일보다 일본 공휴일이 기다려지는…,"재택 편함
아직은 재택근무로 재직중인데, 언제 잘릴지모름","꼽줌
정해진 만큼 을 못한다 기 보다, 누가더 많은 양을 처리하냐 에 따라 승진률 다름","복지, 급여, 모든 측면에서 최고... 잘 챙겨주려고 노력함",워라벨이 망가짐.. 주 4.5제인데 6일치는 일함,"유연한 근무제
팀워크 방식
성과 고과 제도
능력있는 동료들",딱히 없어서 현재로도 만족한다. 앞으로의 발전이 기대됨,"압도적인 평판, 압도적인 팀원들, 찢어지는 듯한 성장. 괜찮은 보상",워라벨. 내로라하는 팀원들 사이에서 차별화된 성과를 내기가 어려움,"직원할인 안과비용지원 등 복지 나쁘지않음
프리랜서나 투잡러는 스케쥴 근무 나쁘지않을듯
사람들이 다 젊고 밝음","젊은 사람들이 모여있으니 말도 탈도 많음
서서 일하고 계속 말해야하니 신체적으로 힘듦
승진 어려움
커리어 꼬일수도 있음","문화가 선진적,문화를 발전 유지시키기위해 늘 노력하고있음",일이 너무 많고 속도감이 빠르다보니 어디서나 언제나 일을 하고있음,다른 나라 Google 코리아 보단 문화가 확실히 더 한국스러움. 하지만 이름으로 좋은 회사. 간식도 많고 카페도 공짜로 이용할 수 있고 위치도 좋은 회사.,작은 점. 희한하게 Google 코리아는 사람들이 덜 친절한 느낌이 들었음.
39,"재택가능 , 감시없음 , 일하고싶을때 일하기 가능함
밥 3끼 무료 제공","일하는사람만 일하고 평가에 투명성이 없다
객관적인 평가가없음 주관적",다른 회사에 비해 확실히 수평적인 분위기. 주도적인 업무 진행이 가능함.,업무 중요도에 비해 보상이 업계 대비 많이 낮은 편. 연봉 인상률이나 성과급이 아쉬움.,같은 동료들 수준이 매우 높아서 엄청 도움이 많이 됐다,이제는 일본 기업? 합병하고 난 뒤에는 산으로 가는 느낌,"좋았던 점이 딱히 생각나지 않음.
동료들은 유능하고 좋은 회사에서 넘어왔지만 그들에게 뭔가를 배울 수는 없는 환경",같은 레벨에도 연봉차이가 심하고 업무 분장 기준이 모호함. 많이 받는사람이 적게일하고 적게 받는 사람이 많이 일함. 일종의 챌린지인지? 말할 수 있는 복지고 없음,재택근무랑 복지가 정말 가장큰 장점인거같네요.. 그리고 쾌적한 사무실,"워라벨 제로…일처내기식 업무와 너무많은 업무량
야근안하면 일없다고 생각하는 분위기","복지 문화/ 배울 것 많은 동료들.
가끔씩 마크가 주는 특별 휴가",장점이자 단점인 자율성. 끊임없이 성과를 증명하는 것…..제한된 인원,"LP에 따라 움직임
내 일 내가 정해서 함
재택근무가능","일이 너무 힘듬
비용청구 딱히 제한 없는 것으로 보였으나 최근에 너무 긴축",좋은 사람들이 더 많고 팀바팀이긴 하지만 대략 처우나 워라밸은 좋습니다.,"팀별 차이가 크겠지만, 자기 커리어 개발의 기회가 별로 없고 도태되는 기분임. 업무 자체가 매우 세분화 되어 있고 서로 유기적으로 연결되어있어서 작은 변화인데도 허들갑이 심함. 매니저의 권한이 지나치게 세기 때문에 매니저 뽑기가 흡족하지 않은 경우 커리어도 꼬임.","능력 개발, 자아 실현, 커리어 관리 등 모든 면에서 최고의 선택",아무도 일을 시키지 않는다. 시키는 일 받아서 하는 것이 익숙하다면 버티기 힘들것,"레퓨테이션, 좋은 조직문화, 동료, 리더, 나쁘지 않은 보상",시간이 흐르며 조직이 커지며 자리를 잡아가며 정형화 될수록 흐려져만 가는 구글리니스
40,"복지가 좋아요
재택유지중이고
팀분위기도 좋습니다
사내 기술공유도 활발해요","일이 많아요
조직분위기도 팀바팀이 심합니다
약간의 개인주의","복지가 좋음
시설이 좋음
지인들한테 말하면 오~해서 뽕참","대기업 특유의 비효율성이 존재하긴 하는 듯함
사람이 많다….혼잡함","재택이 가능해서 너무 좋음, 회사 근무 환경도 좋아서 가끔 회사 갈 맛이 남. 일이 많이 없어서 널널함","팀원끼리 별로 안 친함.. 밥 먹을 때 조금 어색한 정도..장표 찍는 일이 많음, 디자인이 중요함","한강뷰, 똑똑한 직원들이 많고, 일이 진짜 많아서 커리어적으로 성장할 수 있는 기회가있음",복지가 너무 구리고 공채문화가 아니다보니 그냥 각자도생 그자체임.. 그리고 근속연수 한 3년정도되는듯..,급여와 32시간 근무제. 근무지 자율도 장점. 내년부터 주1~2회로 변경되나 타사보다 여유롭다 생각,asap인 과제가 많음. 최근 들어 구성원 내 분위기가 예전같지 않음.,"흥미롭고 다양한 프로젝트로, 자신의 역량을 긍정적으로 키울 수 있다.","다만, IT 기업으로 모든 퍼포먼스는 수치화되고 똑똑한 동료들을 따라가기 버겁다",인재상에 맞춘 업무 문화가 잘되어있습니다. 체계와 철학이 뛰어난 회사,개인의 퍼포먼스가 중요. 혹은 팀 협력이 다소 부족할 수 있습니다,"스마트한 사람들이 모여있고 크게
사람으로 힘들거나 한 곳은 아님. 존버하려면 좋은
회사. 개인주의 성향이면 다니기
편함.","커리어 발전에 있어서는 의문. 팀바팀, 사바사이겠지만 보편적으로 다들 물음표인 부분인 것 같음. 어느 회사나 다 있는 내부 정치도 존재함.","자유로운 분위기 속에 서로 배려하는 문화
직원들의 컨디션을 잘 챙겨줌
지속적으로 좋은 환경을 만들기 위해 노력
좋지 못한 일이 있으면 바로 피드백이 나오고 고치는 것에 집중
알아서 일만 잘하면 됨","스스로 시간관리 못하면 워라벨이 깨지기 매우 쉬움
빠른 속도의 변화가 일반적, 적응하지 못하면 바로 뒤쳐짐
발전적이지 못하면 스트레스를 많이 받을 수 있음","식사(밥 너무 맛있음)
능력있는 동료들 서로에게존중하는분위기
복지
자유로운분위기","체계없음 자유로운분위기의 반대급부
중구난방 회사 정책이 수시로바뀜
성과압박
쇼
영어"
41,"주니어가 성장하기 좋은 회사라고 생각합니다!
팀원분들 모두 실력이 어마어마 합니다","진리의 부바부 팀바팀
나와 맞는 사람 안맞는 사람 어디에나 있다!
팀이 잘 걸려야 됨",배울 점이 많고 할 일도 다양해서 이력서 자체가 빵빵해지는 느낌,"다들 알다시피 악화되는 경영진, 언론에서의 타겟으로 찍힌 거 같음.","네임벨류, 그에 맞는 보상 그리고 업무 문화
비교적 합리적인 의사결정","일이 너무 많다
일본과의 의사소통이 답답
잦은 인사이동","사람들이 친절하고 모난사람은 딱히안보이고 급여도적당하고
짜잘한복지가있음","체계가없고 복지가 없다
급여자체는 그렇게 낮지 않은데 현금성복지가 거의 전무하여 아쉽다.
잠실오피스 카페 베이커리가 빨리소진된다.
엘레베이터가 극혐이다.","재택 짜릿, 복지포인트 200만원, 휴가 코웍 사용만으로 하루 전체 쉬기 쌉가능",회사 보다 같이 일하는 구성원들의 단점을 적어보자면 답장이 너무 느림 진짜 뭐하느라 답장을 안하는지 모르겠음 그리고 소수의 사람은 월루인듯,"워라밸 이정도면 최고
샐러리.이정도면 갠춘
아직 먹어줌","5년후가 잘 안보임…..
인스타그램 의존도
디렉터급 안습",다양한 업무를 원하는 만큼 성장하는 회사에서 할 수 있음,과도한 업무량과 계속해서 잘해야하는 압박감. 정치도 심해짐,"조금은 직원을 위한다는 생각이 들어요
애기가 있다면 좋은 곳인거 같아요","아무래도 커리어 부분이 조금 고민 되는 부분입니다.
다음 스텝을 어디로 갈지","귀감이 되는 동료들의 열정과 뛰어난 능력
세세한 디테일까지 신경쓴 것이 느껴지는 오피스 환경
높은 연봉
분야의 전문가로 믿어주며 부여되는 책임과 권한",회사의 컬처핏과 맞지 않다면 힘들어 할 수 있겠지만 인터뷰 과정 중 컬처에 대한 충분한 대화가 이루어짐,"나만 열심히 효율적으로 잘하면 되는 문화
괜찮은 보수
유연하고 합리적인 문화","Peer pressure와 성과압박
조금 외로움"
42,"재택, 유연근무 등 업무와 관련한 복지가 좋은 것 같음",아직까지는 크게 없음. 부서 사람들 좋아서 만족스러워요.,"복지, 수평문화, 근무환경은 부서마다 다르겠지만 적응하기 좋음",수평적이나 수직적임. 어느 곳이나 마찬가지겠지만 실용적인 방법보다 보수적인 느낌이 강함,"챙겨줄 때는 알아서 잘챙겨줌
팀바팀이지만 조직문화가 수평적이고 매우 합리적임","근무가 매우 빡셈..
일이 너무 많음..
야근이 잦음.","재택근무, 업계대비 적당히 높은 연봉, 그 외엔 없다.","일에 치여살고 워라밸은 포기해야 함. 단순히 일 많은게 아니라 알려주는 사람 하나 없으면서 매일 이리치이고 저리치이는게 일상.
잡혀있는 체계가 1도 없음. 부바부겠지만 대부분 사람들도 예민해서 그런지 날 서 있는 사람이 많음. 착한 사람도 여유가 없어지게 만드는 곳.
재택근무라는 장점 하나 빼고 나머지 다 단점. 말만 수평문화지 레벨 제도가 있어 더 굳건한 수직적인 문화.
사람 자주 뽑고 근속연수가 짧은 이유가 다 있음.
채용 공고 많이 올라온다고 지원하지 말고 한번 더 생각해보시길 바랍니다.",피플팀이 직원을 챙겨주고 있습니다. 직원을 위한 복지가 잘되어있어요,"워라밸은 서비스마다 달라서 워라밸 생각하고 들어오시면 안될거 같아요. 성장을 위해서 일이 엄청 많습니다.
배려가 부족한 사람들이 몇몇있습니다.",한국 회사들과 비교되는 플랫폼과 규모를 경험하 볼수 있습니다.,업무 강도가 높습니다. 분기별로 있는 평가가 빡세요..,"전문직빼고 정유사나 증권사 다닐게 못되면 aws가 최고
연봉, 복지, 발전가능성 모두 만족",사람이 많아지다보니 똥파리도 꼬이기시작해 잘 거르는능력이 필요,"터치없는 자율출퇴근
선택적 재택근무
1개월동안 타국가에서 근무 가능
높은 연봉 리프레셔 보너스 rsu","직위에 걸맞는 책임
영어소통
극단적 개인주의로 소통이 힘듦","무엇보다 너무나 똑똑하고 헌신적인 동료들
업계 내 최고 대우
근태라는 개념이 없음. 자기 일만 잘하면 됨
agility","컬쳐가 맞지 않는 사람들에게는 힘들수도. 피드백, 캡틴시 문화 등이 self-starter가 아니면 어렵다",복지가 좋아요 급여도 개인적으로는 불만족이지만 동료들은 만족함,"경쟁이 심하고 노조가 없어서 불편할때가 있습니다
그거외에는 만족"
43,최고의 복지는 역시 동료들. 다같이 성장하려고 하는 문화. 팀바팀이라고는 함,딱히 느낄 단점은 없음 정말. 팀바팀일 것 같으나 대체로 분위기 좋음,"수평적인 문화, 원활한 소통
사옥이 깨끗하고 좋음
복지가 많음","방향성 없는 경영으로 인해 비전이 자주 바뀜
근무제가 자주 바뀌어서 혼란","리모트 워크 최고!!
경영진이 직원들을 믿어주는 분위기","업무량 많은 편
회의가 많고 비효율적인 의사소통 빈번함","개발, 디자인 팀의 산출물과 agile 시스템 활용도가 매우 높음 (직전 회사가 시리즈B 스타트업이라 체감하는 속도/시스템의 효용이 유독 더 크게 느껴지는 걸 수도 있음)
의사결정이 빠르고 팀 내부 커뮤니케이션이 원활함","리더십에는 외국인들이 많고, 현업에는 한국인들 뿐이라 두 언어를 모두 유창하게 구사해야 커뮤니케이션에서 놓치는 부분이 없음",다양한 업무를 접해볼 기회가 많음. 그 속에서 커리어 성장도 꾀할수있음. 그리고 사람들이 다들 좋아서 사람 스트레스 받은 적은 없었음.,최근 IT 업계의 추세에 따라 복지를 줄이고 경영진이 단방향 소통을 하고자 하는게 느껴짐.,"배움, 진취적 문화, 함께 일하는 사람들이 좋음. 서로 배울것이 있는 사람들",무능력한 경영진으로 최근 조직문화는 많이 안좋음. 나태함 팽배,"세계 최고의 회사를 다닌다는 자부심
아마존이기에 갑질할 수 있음","인당 100을 해야하며 업무 과중이 심함
개인의 성장이 제한됌
복지랄게 없음","탄탄한 회사 구조와 좋은 회사 분위기.
대부분 애사심이 높고 열정적이다.
나름 수평구조라 자기의 의견및 피드백을 편하게 애기 할 수 있는 회사.
적당한 업무량으로 워라벨 또한 챙길 수 있다.
회식-없음 (선택사항)
초과 근무-없음(본인선택)
휴가(본인이 원할때-단, 선착순)

무엇보다 과장 조금 보태서, 큰 사고만 치지 않으면 나갈 일 없는 공무원 같은 직장.","업무분담이 잘 되어 있어서 장점이자 단점.
내게 주어진 일외에 다른 경험을 접할 기회가 극히 드물다.

승진및 커리어 성장? 글쎄... 애플 코리아에서는 힘들다.
(다만 리테일은 꾸준히 성장하고 있기에 경쟁/정치는 당연히 심하겠지만 리테일은 비교적 기회가 많다)

한국에 있는 다른 외국계 기업들도 비슷하겠지만,
한국 특유의 직장문화와 애플 문화가 뒤엉켜 이도저도 아닌게 되었다고 할까...
(수평구조/자율적인듯 보이나 결국 위에서 하라는데로 하는 시스템)","모든직원이 프로페셔널하고 나이스함
사내 모든 업무가 투명함
실무자에게 많은 결정권이 있음",다 준비되어있는사람들이 오는 경향이 있어 성장하는 나라의 사무실이 아니면 성장기회는 거의 없음,"재택근무
무료 아침, 점심, 간식
유연 출근
스마트한 동료","최근 2번의 레이오프로 회사 분위기가 좋지않습니다
더 많은 정규직 포지션 오픈이 되면 좋겠습니다"
44,"복지 좋음
재택 근무
동료들이 대부분 착하고 친절한 편
사용자가 많은 서비스 경험 가능","개인주의라 초반 적응 힘들 수 있음
탑다운으로 진행되는 일이 많음",좋은동료들이 많음. 편하게 다니고자하면 편하게 다닐수있음,"경영진의 한탕주의, 방만힌 경영
잦은대표 교체로 대표마다 뱡향성이 달라짐","재택근무가 제일의 복지
팀바팀이긴 하지만 만족스러운팀원","현재까지는 불만없이 잘다니고있습니다
팀바팀이 좀 복불복인득",일 하는만큼 퍼포먼스가 잘 나오면 충분히 대우 받는 회사,주화입마에 빠질수 있다. 자기 세일즈도 잘 할 줄 알아야 한다,"좋은 근무환경과 친절하고 피드백 빠른 주변 동료들
나쁘지않은 급여","상위레벨에서 맥락없이 일정박아서 내려오는 탑다운 과제가 많음
누가 봐도 불가능한 일정을 밀어붙이다가 오픈직전 뒤집어지는 경우 부지기수
최근엔 전사적으로 비용절감에 대한 방향성이 커짐","업무의 자율성
복지 (휴가, 보너스, 개인의 처지에 대한 높은 배려도)
역량 평가 및 승진의 높은 빈도","업무체계의 불명확성
선별적 보상이 아닌 단체 보상 위주로 인한 상대적 박탈감","네임벨류, 훌륭한 동료들과 함께 일하며 성장할 수 있는 점",대부분의 동료들이 많은 업무량으로 야근이 잦고 워라벨을 맞추기 어려움,연령대 출신 이전직장 등 다양한 분야의 사람들이 모여 화합하는 분위기가 참 보기좋은 회사. 나와 다른 사람들에게서 배우는 점이 참 많다,쉬프트 근무가 적응하기 힘들고 감정소모가 큰 날이 많음,"함께 일하는 동료들이 일을 잘하고, 똑똑한데 인성까지 좋다
프리라이더, 정치질하는 사람이 거의 없다
직급이 올라갈 수록 일을 더 많이 하고 그만큼 권한도 책임도 더 많이 주어진다","전체적으로 과로하는 분위기가 있다
계속해서 본인의 스터닝함을 증명해야한다는 압박감이 있다",뛰어난 사람들이 많아서 자극도 많이되고 옆에서 배우게됨,해외오피스중 크게 중요한 곳은 아니라 애매한듯. 지금은 더 애매해진듯
45,아직까지는 이 업계 커리어의 메인 스트림 만들기에 나쁘지 않음,"워라벨이 극악이고 조직별 분위기가 천차만별
그래서 복불복이 많음
동료복도 인센복도","워크타임 맘대로 자유롭게 조정 가능, 그 외 복지들이 좋음, 배울점 많은 동료들",커리어 발전가능성이 희미해보임…10년 후 모습이 쉽게 그려지지않음,"대기업 IT기업답게 복지가 좋은 회사입니다
직원분들이 성실하고 온화해요","개개인이 부담해야하는 일의 양이 많은 편입니다
열심히 해놓고
빠르게 접히는 사업이 많은편이에요","수평적인 문화, 자유 복장, 맛있는 밥,,? 이 정도??",업무 특성상 핸드폰 시간만 봐도 눈치가 보이지만 어쩔 수 없는 듯,"22년 중반까진 정말 즐겁게 일함.
회사는 성장하고 있었고, 연봉 상승률은 항상 두자리였고 복지나 비전으로 인해 늘 내가 우형에서 일하고 있단 걸 자랑스럽게 생각하며 일함.
훌륭한 동료들이 늘 최고의 복지라 여김.
","고여있는 무능력 분자들의 분탕질과 DH의 인수로 인해 갑자기 헤드가 된 자격없는 자들이 좋은 회사를 다 망침
진짜 일할 수 있는 사람들은 이미 떠나고 좋은 복지에 떠날 수 없는 자들만 남아 있음",급여 복지 문화 회사위치 워라벨 업무합리성 구성원의 균질함 CSR 네임벨류등 종합적으로 빠지는게 크게 없음,Sheer한 조직 구조로 인한 일당백 기대치의 부담. 너무편하게 살아온 경영진들의 아쉬운 위기 관리 능력. 그래도 사람 괴롭히는 분위기는 절대 아님,좋은 제품과 커리어 성장기회가 있음. 이직 기회가 풍부해짐.,ERP 이후 사기 저하. 한국 경영진들에 대한 의문. 워크라이프 발란스는 없는걸루,"육아하기 좋은 환경
서로 심하게.터치안함
업무 눈치껏 하면됨","평소.근무성적보다 영어잘하는 사람이 승진함
성과만큼 급여상승되지않음","직원 대우
노동한 만큼의 댓가를 받는다 직급에 상관없이 의견을 주고받을수 있다는 것도 장점",그만큼 내 생활을 포기해야한다 일이 곧 삶이되는 게 괜찮은 사람만 가능한 루틴,"워라밸 좋고 급여도 나쁘지 않음, 해외 오피스로 갈 수 있는 기회","일이 재미가 없음, 기술스택이 다른 회사랑 호환이 안돼서 IT인싸가 되기 힘듦"
46,"회사의 네임밸류
복지 (재택근무 등)
배울 점이 많은 동료들","팀바팀이겠지만
수평을 추구하는 것에 비해 수직적인 문화
일정의 압박
리뷰 등급이나 인센티브 기준이 모호하다고 느껴짐","워라밸 카카오라는 순간의 자부심
이직용 커리어 작성엔 도움이 된다","의미없는 성과 제도
여기가 과연 대기업이 맞는지 의구심이 드는 연봉체제",연봉 인센 포함하여 보상은 나쁘지 않다 자잘한 복지성 현금은 알파,일이 진짜 미친듯이 많다 무엇보다 회의가 하루종일 있음,"직원들 갈갈하니 의도치않게 본인 역량은 뛸수있음.
성과가 좋다면 금전적 보상은 보장되어있음.
리더십원칙에 심취한다면 쿠팡에 빠르게 적응할듯.","부바부 팀바팀이겠지만 스트레스로 얻을수있는 모든것을 얻을수있음.
수평문화 모르겠음. (젊은 꼰대문화, 사내정치 심함)
결론은 일과 사람 둘다 힘든곳? 잦은 채용의 원인이 있는곳."," 주 32시간 근무
비포괄
양가부모님 보험 가입
나이스한 주변 동료들
원격근무 (2024년도에는 주 1~2회 출근 예정)","답답한 경영진의 의사결정
주먹구구식 일처리
경쟁사에 대한 불안함",연봉이 높음. 직원들의 복지에 많은 신경을 써줌. 밥이 맛있음,Peer pressure. 워라밸 신경 안쓰고 일하는 동료들이 많음,"팀바이팀이긴 하지만 전세계 어디서든 오피스만 일 할 수 있어서 좋음.
돈을 적당히 준다.",돈 주는만큼 일이 많다… 일 받으려고 한도 끝도 없이 받을 수 있다…,"수평적, 워라밸, 능력있는 매니저, 확실한 목적성과 실현가능하도록 스케쥴, 인력 관리의 효율성",업무 시작한지 오래안되어 아직 없다. 굳이 꼽자면 영어,업계 최고의 대우를 합니다. 성장하는 회사입니다. 서울 오피스가 중요한 역할을 합니다.,일이 매우 많습니다. 아침 일찍부터 저녁 늦게까지 회의가 많습니다. 동료들이 요구하는 수준이 높습니다.,"아직은 남아있는 네임밸류..
밥이 맛있고 소소한 복지
똑똑한 동료들","매니저 잘못 만나면 커리어성장은 없다고 보면됨
끊임없이 성장해야하기에 그에 따르는 일의 양과 압박"
47,수직적인 대기업에서 근무하다 네이버로 오고 느낀점은 직원들을 진심으로 생각하는 운영 방식이다. 물론 100% 만족할 수는 없지만 애초에 회사가 그럴 필요도 없을 뿐더러 대다수의 타 그룹이 위에서 찍어누르는 모습만 보다 만난 네이버는 정말 따뜻하다.,"기업 규모에 비해 체계가 정말 부족하고, 조직개편이 잦다. 잦은 조직개편도 체계가 부족해서 생기는 일이라고 생각한다.",유연근무제가 있고 워라벨이 좋음. 편안히 다니기는 좋음.,동종업계보다 급여와 급여 인상율 낮음 복지가 줄어들고 있음 무능한 경영진,"영원한 풀재택, 뛰어난 동료들, 존중하는 문화, 좋은 복지",뛰어난 임직원들의 능력을 제대로 써먹지 못하는 경영진들,최고의 장점 재택근무 그거말고는 별다른 복지는 모르겠네요,회사에 갑자기 인도인이 많아지는느낌 ;; 한국사람나가면 인도인이 오는듯," 유능하고 매너 있는 동료들
가족에게 좋은 복지
커리어 향상 기회","일이 많음… 쳐내도쳐내도 끝나지 않는 일
내부 정책 등이 너무 복잡함
규모가 커지면서 대기업화가 진행되는 듯 함","수평적인 문화
커리어성장
워라벨
복지 등 굉장히 좋음
업무량 괜찮음",딱히 없음. 이직률도 그다지 높지 않아서 오래 다니고 싶은 사람에게 추천하는,국내 기업만 다니다보니 새로운 환경이 어색하지만 새롭기 때문에 좋기도 함. 이직 시 조금 유지할 것 같기도 함.,낯선 문화. 생각보다 적은 급여. 업무가 많음. 외국어 못하면 힘듦.,"내가 기여하는 제품을 지나가는 많은 사람들이 매일 쓰고 있는 것을 보면 뿌듯하고 행복하다.
부서마다 다르지만 엔지니어들은 한국에 부서가 따로 있지 않고 매니저가 미국에 있는 경우가 많다. 상사와 동료들이 사무실에 같이 없기 때문에 아무래도 사람으로 스트레스 받을 일이 적고 마음의 평화가 있다.
같은 공간의 사람들은 사무실만 공유할 뿐 일적으로 엮이지 않기 때문에 사이가 좋거나 서로 잘 모른다.
쿠퍼티노 업무 시작 전에 마쳐놓으면 되는 일들이 많아서 낮에 내 시간이 많고 여유롭고 워라밸이 좋다.
성과가 좋으면 많은 주식을 주고 그 주식이 아직까지는 많이 오른다.
팀원들과 서로 경쟁을 하는 느낌이 아니라 신뢰하고 서로 도우며 함께 으쌰으쌰하는 기분이 든다. 업무 관련 질문에 서로 친절히 잘 알려준다.
성격 모난 사람 본적이 별로 없다.
출장이 많다.
애플 제품 할인이 된다.","최고의 회사에 다니지만 자랑을 할 수가 없다.
비밀이 많은 회사라 항상 말조심을 해야 한다.
새로운 제품에 대해 물어보면 대답은 몰라도 몰라요, 알아도 몰라요이니 폰 깨졌는데 바꿀까 기다릴까 물어보지 말자.
같은 팀이 아닌 한 서로 무슨일 하는지 잘 모른다.
심지어 서로의 레벨도 모르고 승진을 해도 비밀이다.
시간차 때문에 밤 늦게 또는 아침 일찍 이메일을 가끔 체크해야 업무가 딜레이 없이 원활하다.
모바일기기기와 OS를 만드는 회사인만큼 오래 다니면 다른 회사로 이직하기에는 어려워지는 느낌이 들 때도 있다.
회사에서 밥을 공짜로 주지 않는다 (쿠퍼티노도 마찬가지) 대신 드넓은 삼성동과 코엑스가 있어서 먹고 싶은 것 마음대로 먹는다.
지인들이 애플 할인 때문에 나와 친구관계를 유지하나 생각이 들 때가 있다.
주식 세금 제대로 안 내면 국세청한테 혼난다.
젊은 피가 많다는 리뷰도 보이는데 엔지니어쪽은 대부분 경력 많이 쌓고 들어와서 나이가 많다.
출장이 많다. (장점일 수도 단점일 수도)","핫한 브랜드 벨류
귀감이 되는 뛰어난 동료들
마켓의 탑 연봉
플렉서블한 근무 시간","높은 근무 강도
경쟁은 없지만 기대받는 엄청난 높은 bar",연차가 높든 낮든 신경쓰지 않고 개인의 업무 자율성을 존중하는 문화. 능력 있는 동료들과의 만남.,좋게 말하자면 자유도가 높다는 것이고 나쁘게 말하자면 방목이나 다름 없을 정도로 체계가 부족하다는 문제가 있음. 능동적으로 문제 해결을 하는 데에 익숙한 사람들이라면 사실상 단점이 없다고 봐도 되지 않을까 함.
48,"새로운 기술 습득 적극 권장하는 문화.
수평적인 직급ㅇㅇ","일이 많은건 단점이자 장점같은데 대신 보상이 따라옴
이건 케바케","뛰어난 팀원들과 함께 공동의 목표를 나아감
자유로운 분위기","공동의 목표의 이유가 명확하지 않음
말바꾸기
약속 지키지 않기","사원을 가장 중요하게 생각하는 분위기, 서로 존중하는 분위기, 워라벨은 말할 것도 없는 100% 재택가능 회사","회사의 미래는 곧 일본에 있다는 점이 불안전 요소
경영진의 인사이트에 대해서는 큰 신뢰는 하지 않는 편이.","네임벨류
가끔씩 칼퇴가능
해고위험이없어 공무원느낌으로 다니면 최고의직장"," 낮은 연봉
그들만의 리그
회사의 성장은 직원의 성장이 아닙니다",우선 재택근무로 인해 팀원들이란 적당한 거리 유지 가능,"재택근무의 단점으로 소통이 너무 안된다..
일주일에 한두번 봐서 아직도 어색한","최상급 급여 책정
직원들과 사내 문화가 최상급 입니다.",커리어 개발을 하기가 어려우며 현재는 성장이 다소 정체된 상태.,"멋진동료들
개인의성장을 스스로 독려하게함
좋은 문화를 배울수있음","갑작스러운 마이크로매니징.
얼마나 오래다닐수 있을지 모르겠다","워라밸하나는 끝내줘요.
물론 부바부겠지만",음...... 일단 여기도 사람 잘 만나야해여 정말루 ,구멍이 없음. 최고의 인재가 뽑히고 와서 더 성장하는 곳.,일이 재밌는데 연봉도 많이 주고 복지도 좋고 자율성도 높아서 이래도 되나 싶음. 그래서 더 열심히 하게 됨,좋은 워라벨과 복지 제도. 자기 할 일만 잘 한다면 자유로운 근무 문화.,커리어를 쌓기 위해서는 명확한 성과와 그 외 프로젝트 진행 필요
49,"재택근무, 커피가 싸다, 밥을 준다, 에어컨이 좋다, 허먼밀러","주차장 자리가 적다, 일이 많다, 식사시간에 줄이 너무 길다.",복지나 근무 환경이 나쁘지 않다는 의견이 많아 보입니다.,경영진에 개선을 바라는 목소리와 의견이 많아 보입니다.,"재택근무, 유연근무 제도가 정말 좋음.
이정도 워라밸이면 따라올 회사 거의 없을 듯.
급여와 복지도 남부럽지 않다.",식비는 아쉬운 편. 그래도 다른 복지로 커버된다고 느끼긴 합니다.,월급은 인정. 밀리는거없이 잘 나오고 연차 사용 자유로움,월급만 좋고 그외 복지는 없음.. 사내대출이있음 좋겠음,"주32시간이 미친 강점
서로의 근무시간을 침범하는 일이 없음","역설적으로 서로 너무 배려해서 소통이 빙 둘러감
오롯이 내 일에 집중할 시간이 부족",인사고과에 임팩트에 중점을 둬서 평소에 늘 열심히 분골쇄신하며 일하지 않아도 요령 있게 워러밸을 추구하면서 자기 페이스에 맞춰 임팩트를 내는 방법을 터득하면 최고의 직장,"매뉴얼이 없는 경우가 많고 개척해나가야하는 분야도 많아서, 열심히 일하는 만큼 자기가 무슨 일을 왜 하고 있는지, 왜 중요한지, 어떤 임팩트를 낼 수 있는지 혹인 내고 있는지에 대해 끊임없이 업데이트 해야함","자율 재택
능력있고 사람 좋은 동료들
해외 엔지니어들과의 협업
자유로운 연차
클라우드 서비스 무제한 이용
역삼역 쾌적하고 세련된 사무실 키친","성과 압박
동료들과 무한 경쟁
열심히 하지 않으면 도태 가능성 높음
언어의 장벽도 무시 못함
국내 회사 처럼 바쁘고 한가하고 이렇지 않고 항상 바쁨
재택 근무를 많이 하다 보니 감금되서 일만 하는 기분
매달 성과 골 걱정","최고 수준의 급여 보상, 보너스, 합리적인 의사 결정, 유능한 동료","할 일이 너무 많고 바쁨, 잦은 출장으로 주말 부부 수주의 생활을해야 하는 경우가 있음","자기 역량만 출중하다면 정말 기량을 맘껏 펼칠 수 있음.
독특한 회사 문화가 자신에게 맞으면 다른 곳 보다 몇곱절 성장할 가능성이 많음. 예산으로 인한 제약이 없고 일단 근무하는데 필요한 것들은 무조건 지원 해주는 편. 근무 분위기가 자율적인 편. 회사 문화가 맞으면 더할나위 없이 만족할 곳.",본인이 한 일에 대해는 본인이 책임 지게 됨. 뭐든 지원해주는 대신 확실한 아웃풋을 스스로 내야 한다는 분위기가 있음. 회사 문화가 맞지 않으면 다니기 고역일 듯.,"영어 실력이 는다
네임 벨류가 높다
국제적인 규모의 프로젝트에 자유롭게 참여할 수 있다","영어 미팅이 많다
산업에서 쓰는 기술이 아니라 사내에서만 쓰는 기술을 쓰므로 고립될 수 있다
책임이 많이 따르므로 워라밸만 보고 들어오면 안 된다"
50,자유로운 분위기 수평적인 분위기라서 매우 만족하면서 다니고 있음,일이 조금 많이 많은데 사람을 충원해주지 않는 거 같다,워라벨. 자유로움. 괜찮은 네임벨류. 대부분 뛰어난 동료들.,경영진. 비전이 안보임. 남아있는 복지마저 뺏어가는중.,"이만하면 좋은 회사라 생각
워라밸, 급여, 커리어 측면에서 다 만족","윗자리는 실력보단 결국 인맥 우선인 듯
가끔 저 자리에 왜 있지 하는 답답한 사람도 있음","님 호칭 문화로 수평적인 분위기
잡다한 복지가 있긴함.","연봉이 너무적다 정규직인데 3천 초임
재택근무하는거 눈치줌","적극적이고 주도적으로 일하는 동료들
기본 연봉 높음
야근수당 확실","일이 너무 많음
변화가 너무 빠름
예전같지 않은 기업문화","빠른 연봉 상승 및 최고의 복지.
똑똑한 사람들과 일 할 기회가 많음.","알아서 찾아먹지 않으면 안 되는 회사.
개인기를 부릴 줄 알아야 하는 회사.","커리어, 나쁘지 않은 워라밸, 유연한 문화, 결과 위주의 업무 방식","주가에 따른 TC변화, 낮은 연봉상승폭, 시스템 보다는 개인 역량","지속적으로 성장중이고 기회가 아직은 많음
주식 취득과 수여 등 은근 쏠쏠한 혜택과 다양한 복지
자유로운 연차사용
칼같은 퇴근시간
오픈마인드의 리더쉽팀","너무 쪼개진 쉬프트로 인한 규칙성 없는 삶과 이로인한 워라밸 붕괴와 건강문제
애플의 최대장점인 특유의 문화가 조금씩 약해지는 분위기
적은 연봉","회사 컬처가 워낙 유명한데 실제로 서울 오피스에도 회사 컬처대로 자유와 책임으로 잘 운영되고 있음.
같이 일하는 직원들이 너무 훌륭하고 사람때문에 스트레스 받는 일이 없음.
사무실은 여태 봤던 사무실 중 최고이고, 자유와 책임의 문화 만큼 제공되는 굿즈, 푸드, 복지가 어마어마하게 많다.
연봉은 업계 최고로 대우 해주고


넷플릭스 라는 네임 밸류에서 오는 자부심도 있고 위치도 좋음. 그냥 다 좋음..
다들 이런데서 꼭 한번 일하고 싶다 생각해본 적 있었을텐데 그 이런데가 여기인듯..","큰 단점은 없다. 일은 좀 많아도 회사가 너무 좋고 직원들로 인해 스트레스 안받고 내가 좋아서 하게 됨. 재미있게.
입사할때 당시 인터뷰를 많이 봤던 건 힘든 경험.
하지만 그렇게 많은 인터뷰를 통해 인재들을 거르고 걸러서 입사시키는 것 같음.","모나지 않은 동료들, 커리어에 관심 많은 주변 환경으로 고민해볼 여지가 많음",그래도 로컬 법인이라는 한계점이 명확해서 할 수 있는 범위가 한정적임
,,,,,,,,,,,,,,,,,,,,
,,,,,,,,,,,,,,,,,,,,
,,,,,,,,,,,,,,,,,,,,
,,,,,,,,,,,,,,,,,,,,
,,,,,,,,,,,,,,,,,,,,
,,,,,,,,,,,,,,,,,,,,
,,,,,,,,,,,,,,,,,,,,
,,,,,,,,,,,,,,,,,,,,
,,,,,,,,,,,,,,,,,,,,
,,,,,,,,,,,,,,,,,,,,
,,,,,,,,,,,,,,,,,,,,
,,,,,,,,,,,,,,,,,,,,
,,,,,,,,,,,,,,,,,,,,
,,,,,,,,,,,,,,,,,,,,
,,,,,,,,,,,,,,,,,,,,
,,,,,,,,,,,,,,,,,,,,
,,,,,,,,,,,,,,,,,,,,
,,,,,,,,,,,,,,,,,,,,
,,,,,,,,,,,,,,,,,,,,
,,,,,,,,,,,,,,,,,,,,
,,,,,,,,,,,,,,,,,,,,
,,,,,,,,,,,,,,,,,,,,
,,,,,,,,,,,,,,,,,,,,
,,,,,,,,,,,,,,,,,,,,
,,,,,,,,,,,,,,,,,,,,
,,,,,,,,,,,,,,,,,,,,
,,,,,,,,,,,,,,,,,,,,
,,,,,,,,,,,,,,,,,,,,
,,,,,,,,,,,,,,,,,,,,
,,,,,,,,,,,,,,,,,,,,
,,,,,,,,,,,,,,,,,,,,
,,,,,,,,,,,,,,,,,,,,
,,,,,,,,,,,,,,,,,,,,
,,,,,,,,,,,,,,,,,,,,
,,,,,,,,,,,,,,,,,,,,
,,,,,,,,,,,,,,,,,,,,
,,,,,,,,,,,,,,,,,,,,
,,,,,,,,,,,,,,,,,,,,
,,,,,,,,,,,,,,,,,,,,
,,,,,,,,,,,,,,,,,,,,
,,,,,,,,,,,,,,,,,,,,
,,,,,,,,,,,,,,,,,,,,
,,,,,,,,,,,,,,,,,,,,
,,,,,,,,,,,,,,,,,,,,
,,,,,,,,,,,,,,,,,,,,
,,,,,,,,,,,,,,,,,,,,
,,,,,,,,,,,,,,,,,,,,
,,,,,,,,,,,,,,,,,,,,
,,,,,,,,,,,,,,,,,,,,
,,,,,,,,,,,,,,,,,,,,
